tenure_months,monthly_charges,total_charges,support_tickets,late_payments,contract_type,internet_service,paperless_billing,churn
7,20.0,98.61,0,0,Month-to-month,None,Yes,0
56,35.55,1890.84,1,0,One year,DSL,No,0
48,24.73,1116.54,0,0,Month-to-month,DSL,No,1
32,20.0,704.36,0,0,Two year,Fiber,Yes,0
32,40.12,1260.68,4,0,Month-to-month,None,Yes,0
62,103.12,6218.33,0,0,Month-to-month,None,Yes,0
7,68.89,584.72,1,0,One year,Fiber,No,0
51,102.26,5257.14,1,0,One year,DSL,Yes,0
15,80.27,1065.81,1,1,Two year,DSL,No,1
7,89.56,590.41,4,1,Month-to-month,DSL,No,1
38,47.48,1724.94,0,0,Month-to-month,Fiber,Yes,0
71,83.1,5967.7,2,0,One year,Fiber,No,0
53,88.22,4638.38,2,0,Month-to-month,DSL,No,1
55,55.58,3049.83,2,0,Two year,Fiber,No,0
52,83.99,4348.48,1,1,Month-to-month,Fiber,Yes,1
57,84.15,4648.8,2,0,Month-to-month,Fiber,No,0
37,56.26,2222.2,2,1,One year,Fiber,Yes,0
10,41.93,485.54,4,0,One year,DSL,No,0
61,40.4,2389.47,2,0,Two year,Fiber,Yes,0
33,72.16,2400.55,1,1,Two year,Fiber,Yes,0
37,78.18,2989.9,1,2,Month-to-month,DSL,No,1
27,50.19,1360.62,2,1,One year,DSL,Yes,0
14,70.66,1144.98,3,0,Two year,None,Yes,0
67,84.26,5937.43,1,0,Month-to-month,Fiber,No,0
57,85.45,4858.31,2,1,Month-to-month,DSL,Yes,1
47,108.8,5055.21,1,0,Two year,Fiber,No,0
29,101.92,2856.87,1,1,Month-to-month,Fiber,No,1
60,44.97,2476.71,1,2,Two year,DSL,Yes,0
40,112.09,4608.4,0,2,Month-to-month,DSL,Yes,0
32,56.73,1779.87,0,4,Two year,None,No,0
33,96.12,3259.56,0,1,One year,Fiber,No,0
17,71.7,1326.54,2,1,One year,DSL,Yes,1
7,59.7,309.78,1,1,One year,Fiber,No,0
40,24.81,899.22,3,1,Month-to-month,Fiber,Yes,0
64,65.71,4379.97,2,0,One year,Fiber,Yes,1
5,31.02,148.07,3,2,Two year,DSL,No,0
62,94.18,5773.29,0,0,Two year,DSL,Yes,0
60,107.92,6370.67,2,1,Two year,DSL,Yes,1
20,50.08,987.4,2,1,One year,None,Yes,0
46,77.55,3718.06,1,0,One year,Fiber,No,0
12,51.87,690.93,0,0,One year,Fiber,Yes,0
55,54.29,3004.01,0,3,One year,DSL,Yes,0
51,89.36,4716.33,3,1,One year,Fiber,Yes,1
26,69.04,1934.53,4,2,Month-to-month,Fiber,Yes,1
5,113.49,600.87,2,1,Month-to-month,Fiber,No,1
70,57.94,4333.71,1,0,One year,Fiber,Yes,0
33,94.98,3109.71,1,2,Month-to-month,Fiber,Yes,1
65,72.44,4818.1,2,1,Month-to-month,DSL,No,0
49,89.89,4365.53,0,1,Month-to-month,DSL,Yes,1
57,58.82,3443.09,3,0,Two year,Fiber,Yes,0
55,68.76,3757.02,3,2,Two year,DSL,No,0
15,67.11,1052.82,3,0,One year,DSL,No,1
27,49.1,1564.68,0,0,Two year,None,Yes,0
34,86.55,3037.95,1,3,Two year,DSL,No,0
36,86.26,3152.91,1,1,Month-to-month,Fiber,Yes,1
4,84.84,261.89,1,1,Month-to-month,Fiber,No,1
40,108.42,4355.79,0,0,Month-to-month,Fiber,Yes,1
12,106.23,1174.0,0,0,Month-to-month,DSL,No,1
54,60.63,3362.52,0,2,One year,Fiber,Yes,1
50,79.33,4052.5,1,0,Month-to-month,Fiber,No,1
67,54.41,3627.51,1,1,Two year,Fiber,No,0
54,70.58,3977.88,0,0,One year,Fiber,No,0
27,55.01,1637.46,2,4,Month-to-month,None,No,1
70,110.5,7750.09,3,0,Two year,DSL,Yes,0
30,79.09,2429.32,3,0,Two year,DSL,Yes,1
24,64.55,1490.34,1,2,One year,Fiber,Yes,0
66,99.84,6562.25,0,0,One year,Fiber,Yes,0
27,20.0,432.2,1,0,Two year,Fiber,No,0
6,20.0,72.17,1,0,One year,DSL,No,0
34,89.9,3046.02,1,1,Two year,DSL,Yes,0
58,71.51,3981.64,1,0,Month-to-month,Fiber,Yes,0
14,76.26,1125.34,1,2,One year,None,No,0
34,36.84,1354.78,1,0,Month-to-month,DSL,Yes,1
10,69.42,693.4,0,0,Month-to-month,Fiber,Yes,0
50,120.09,5734.66,0,0,Month-to-month,Fiber,Yes,0
35,90.6,3145.88,0,0,Month-to-month,DSL,Yes,1
24,74.24,1642.49,0,0,Month-to-month,Fiber,No,0
17,59.02,942.44,2,0,Month-to-month,DSL,Yes,1
41,60.14,2610.76,2,0,Month-to-month,Fiber,Yes,1
49,20.0,736.55,1,0,Two year,DSL,Yes,0
68,76.44,5116.35,0,1,One year,Fiber,Yes,0
32,91.14,2999.34,4,0,One year,DSL,Yes,0
12,30.61,297.12,0,1,Month-to-month,Fiber,Yes,1
60,53.46,3130.03,1,1,Two year,None,No,0
46,41.06,2092.16,0,1,Month-to-month,Fiber,No,0
51,45.87,2377.02,0,2,Month-to-month,Fiber,Yes,1
8,71.34,664.13,1,0,Month-to-month,None,Yes,1
23,20.0,509.47,0,0,Two year,DSL,No,0
56,85.36,4796.15,2,1,Two year,Fiber,Yes,0
60,88.85,5457.19,1,0,One year,Fiber,Yes,0
32,63.72,2229.65,0,2,One year,Fiber,Yes,1
58,20.0,991.65,1,0,Month-to-month,DSL,Yes,0
61,45.09,2746.93,0,0,One year,DSL,No,0
28,100.82,2818.71,1,1,Month-to-month,DSL,Yes,0
65,20.0,1257.07,0,1,Month-to-month,DSL,No,0
21,61.31,1385.66,1,0,Two year,DSL,No,0
18,40.5,754.69,2,0,Two year,None,No,0
50,90.11,4698.26,1,0,Month-to-month,DSL,No,0
46,53.12,2553.65,1,1,Month-to-month,DSL,No,0
11,80.1,1017.56,0,0,Month-to-month,DSL,Yes,1
60,84.14,4928.27,3,1,Month-to-month,Fiber,No,1
15,115.91,1657.98,2,1,Month-to-month,Fiber,Yes,1
58,64.93,3693.37,2,1,One year,DSL,No,0
1,79.4,211.71,2,4,Month-to-month,Fiber,Yes,1
58,32.87,1809.95,1,1,Month-to-month,Fiber,Yes,0
57,99.76,5592.55,3,1,Month-to-month,DSL,Yes,1
57,50.99,2794.14,1,0,One year,Fiber,Yes,0
48,55.98,2962.4,2,1,Month-to-month,Fiber,Yes,0
34,69.44,2346.87,1,1,Month-to-month,Fiber,Yes,1
51,30.93,1630.31,3,2,One year,None,Yes,0
20,75.72,1400.32,2,0,One year,Fiber,Yes,1
57,94.19,5464.57,3,0,Month-to-month,Fiber,Yes,1
41,77.32,2992.89,3,0,One year,Fiber,Yes,1
34,30.28,931.54,1,0,Month-to-month,DSL,Yes,0
37,66.9,2402.34,1,1,One year,Fiber,Yes,0
41,88.55,3652.47,2,0,Month-to-month,Fiber,Yes,1
3,23.05,0.0,2,0,Two year,DSL,Yes,0
11,43.13,626.84,0,1,Two year,None,No,0
18,91.91,1704.77,0,0,One year,Fiber,Yes,0
9,76.75,621.81,2,1,Two year,DSL,Yes,0
32,80.3,2669.34,0,1,Month-to-month,Fiber,Yes,0
49,116.49,5668.55,1,1,One year,Fiber,No,0
48,81.71,3863.22,1,2,Month-to-month,DSL,Yes,0
34,86.45,3028.79,1,0,Month-to-month,Fiber,Yes,1
62,130.0,7814.72,3,1,Month-to-month,Fiber,Yes,0
41,64.65,2724.33,0,1,One year,None,Yes,0
6,50.05,229.01,0,0,One year,DSL,Yes,0
56,80.69,4447.45,2,0,Two year,Fiber,No,0
42,80.97,3596.75,0,0,One year,Fiber,No,1
46,56.83,2561.16,1,0,Two year,None,Yes,1
41,44.19,1907.38,3,0,Two year,DSL,Yes,0
40,127.75,5137.77,2,0,Two year,Fiber,Yes,0
7,78.17,585.5,1,1,Month-to-month,Fiber,No,1
41,51.69,2094.35,4,1,Month-to-month,DSL,No,0
58,92.9,5357.83,4,0,One year,Fiber,Yes,1
22,67.27,1632.77,2,0,Two year,Fiber,Yes,1
44,63.68,2894.88,4,2,Month-to-month,Fiber,Yes,0
3,84.06,202.2,1,2,Month-to-month,Fiber,No,1
26,37.7,875.69,2,2,Month-to-month,DSL,Yes,1
32,78.82,2463.65,3,0,Month-to-month,Fiber,Yes,1
71,117.82,8463.64,2,0,Two year,DSL,Yes,0
16,81.65,1424.34,4,1,Month-to-month,Fiber,Yes,1
20,60.59,1267.39,1,0,Month-to-month,Fiber,No,1
30,57.32,1557.99,1,0,One year,DSL,Yes,0
72,59.74,4376.77,1,1,Month-to-month,None,Yes,0
62,63.65,4076.72,2,1,Month-to-month,Fiber,No,0
3,60.55,199.02,1,0,One year,DSL,Yes,0
17,92.91,1777.41,1,0,Month-to-month,DSL,No,1
60,26.67,1468.09,1,0,Two year,Fiber,No,0
5,91.55,526.23,1,0,One year,None,Yes,1
62,60.51,3649.46,1,0,Two year,DSL,Yes,0
21,79.42,1773.75,1,0,Month-to-month,None,Yes,0
67,41.83,2863.58,2,0,One year,DSL,No,1
22,103.22,2450.88,1,1,One year,Fiber,No,1
32,101.14,3286.48,1,0,One year,Fiber,Yes,0
48,93.99,4471.11,4,0,Month-to-month,DSL,No,1
10,32.13,272.2,4,4,Month-to-month,None,No,1
41,90.73,3694.83,2,1,Month-to-month,DSL,No,1
37,80.12,2913.42,4,1,Two year,None,Yes,1
57,29.87,1837.2,0,0,Two year,DSL,Yes,0
72,69.39,5123.83,0,3,Month-to-month,DSL,No,1
48,79.11,3647.78,1,0,One year,None,No,0
30,83.9,2520.89,3,0,One year,Fiber,No,1
30,74.43,2239.2,1,0,One year,DSL,No,0
31,77.28,2317.57,1,1,Month-to-month,Fiber,Yes,1
59,106.84,6347.4,0,1,Two year,DSL,No,0
24,100.65,2561.71,0,2,One year,Fiber,Yes,1
13,20.0,349.18,1,0,One year,DSL,Yes,1
25,62.06,1686.31,3,0,One year,Fiber,Yes,1
2,65.88,59.92,0,0,One year,DSL,Yes,0
8,26.2,213.23,1,1,Month-to-month,Fiber,Yes,1
7,72.35,429.92,2,0,Two year,None,No,0
56,101.22,5692.2,0,3,Month-to-month,Fiber,No,1
53,42.84,2303.24,1,1,Two year,Fiber,Yes,0
51,78.41,4094.89,1,0,Two year,DSL,Yes,0
34,47.1,1732.9,2,2,One year,DSL,Yes,1
52,53.2,2835.41,0,0,One year,Fiber,Yes,1
12,106.93,1197.2,1,0,Month-to-month,DSL,Yes,1
65,56.44,3533.13,0,2,Month-to-month,Fiber,Yes,1
37,81.56,3069.55,2,0,One year,Fiber,No,0
68,23.22,1728.98,1,2,Month-to-month,None,Yes,0
11,116.56,1279.66,1,2,Month-to-month,Fiber,No,1
36,85.07,2909.65,2,1,Two year,Fiber,No,1
51,65.44,3545.79,0,2,Month-to-month,None,Yes,1
36,84.39,3086.93,2,1,Month-to-month,None,Yes,1
33,34.75,1164.01,3,1,Month-to-month,Fiber,Yes,1
12,99.56,1077.96,2,0,One year,Fiber,Yes,1
28,61.9,1734.83,1,1,Month-to-month,Fiber,No,1
18,64.9,1236.86,0,3,One year,Fiber,Yes,1
22,57.71,1319.89,2,2,Month-to-month,DSL,Yes,0
50,55.48,2706.2,0,1,Month-to-month,Fiber,Yes,1
46,87.37,4013.16,2,0,Month-to-month,Fiber,Yes,1
44,76.4,3299.9,0,1,Month-to-month,DSL,No,1
27,86.29,2496.35,2,0,Two year,DSL,Yes,0
70,69.78,4974.1,3,0,Month-to-month,Fiber,No,1
7,82.83,527.38,2,0,Month-to-month,DSL,Yes,0
25,59.53,1371.37,5,0,Month-to-month,Fiber,Yes,1
9,125.74,1159.47,1,1,Month-to-month,Fiber,Yes,1
25,30.8,720.76,0,2,Month-to-month,Fiber,No,0
70,101.52,7064.81,2,0,Month-to-month,DSL,Yes,1
27,104.2,2699.82,1,3,Two year,Fiber,No,0
66,48.7,3112.8,1,3,Month-to-month,Fiber,Yes,1
36,125.73,4542.61,0,1,One year,Fiber,Yes,1
51,94.89,4812.56,1,2,One year,Fiber,Yes,0
33,94.28,3360.84,1,0,Month-to-month,Fiber,Yes,1
20,70.7,1473.44,2,1,One year,DSL,Yes,0
56,64.57,3500.71,0,1,Two year,Fiber,Yes,0
70,64.76,4379.97,0,1,One year,DSL,No,0
19,79.76,1555.32,2,1,Two year,Fiber,Yes,0
57,105.03,5947.0,2,1,One year,DSL,Yes,1
19,74.53,1549.27,4,2,Month-to-month,Fiber,Yes,1
52,47.21,2483.31,0,0,Two year,Fiber,Yes,0
57,90.61,4966.56,0,1,Month-to-month,DSL,Yes,0
33,93.03,2968.01,1,0,One year,None,Yes,0
54,86.37,4596.26,4,1,One year,DSL,Yes,0
20,88.64,1816.95,1,2,Two year,DSL,Yes,0
6,63.23,274.09,4,0,Two year,Fiber,Yes,0
7,46.78,342.71,3,0,Month-to-month,Fiber,No,1
33,48.3,1460.13,0,0,One year,DSL,No,0
65,29.11,1892.99,1,2,Month-to-month,DSL,Yes,0
10,75.92,796.24,3,0,One year,DSL,No,0
33,67.91,2387.31,1,1,One year,Fiber,Yes,1
51,59.0,3033.57,2,1,Month-to-month,Fiber,No,1
15,20.0,218.33,0,0,Two year,DSL,Yes,0
52,38.82,2167.79,0,2,Month-to-month,Fiber,Yes,1
23,98.02,2236.17,2,1,Month-to-month,None,Yes,1
59,53.38,3227.03,0,0,Two year,Fiber,Yes,0
42,79.01,3257.33,1,0,One year,DSL,No,0
40,35.23,1418.39,5,2,One year,Fiber,Yes,1
13,105.97,1297.45,0,1,Month-to-month,DSL,Yes,1
34,66.4,2289.8,0,0,Month-to-month,DSL,Yes,0
62,77.25,4869.95,1,0,Month-to-month,Fiber,Yes,1
2,128.14,206.81,3,0,Month-to-month,Fiber,No,1
55,107.91,5880.0,2,3,Month-to-month,DSL,No,1
36,62.34,2279.77,4,1,Month-to-month,Fiber,Yes,1
52,55.17,2786.31,2,0,One year,Fiber,No,1
48,61.86,2817.55,1,0,Month-to-month,Fiber,Yes,0
32,82.75,2683.24,0,2,One year,Fiber,Yes,0
23,67.37,1538.73,1,0,Two year,Fiber,Yes,0
46,60.12,2752.58,1,1,Month-to-month,None,Yes,0
11,106.68,1225.58,1,0,One year,DSL,Yes,1
43,67.14,2953.3,1,1,Month-to-month,Fiber,Yes,1
7,127.49,876.33,1,2,Month-to-month,DSL,No,1
47,72.27,3284.36,1,0,One year,Fiber,No,0
46,114.63,5209.26,3,1,Month-to-month,DSL,No,1
7,78.93,611.03,2,0,Month-to-month,Fiber,Yes,1
55,94.07,5187.71,3,0,Two year,Fiber,Yes,1
30,51.88,1501.57,1,0,Month-to-month,DSL,No,0
57,48.66,2694.95,1,1,One year,DSL,Yes,0
3,81.49,306.26,3,0,One year,DSL,Yes,1
13,94.71,1209.11,1,1,Month-to-month,Fiber,Yes,1
36,71.01,2631.5,2,1,One year,DSL,Yes,0
14,37.84,617.7,1,1,Month-to-month,Fiber,No,1
24,35.99,832.56,1,1,Month-to-month,Fiber,Yes,0
48,34.32,1742.4,1,1,Two year,None,Yes,0
11,25.81,297.74,1,2,Month-to-month,Fiber,No,1
49,72.74,3590.9,1,0,One year,DSL,Yes,1
8,98.13,566.13,0,0,Month-to-month,Fiber,Yes,1
13,69.66,808.55,1,2,Month-to-month,Fiber,Yes,1
43,20.0,768.33,0,0,One year,Fiber,No,0
58,65.23,3751.53,1,1,One year,Fiber,Yes,0
13,65.93,868.53,2,0,Month-to-month,DSL,Yes,1
22,122.4,2708.32,0,0,One year,Fiber,Yes,0
67,33.57,2277.87,1,1,Month-to-month,Fiber,No,0
72,60.23,4268.29,3,1,Month-to-month,DSL,Yes,1
42,112.65,4800.28,3,0,One year,DSL,Yes,0
33,81.25,2862.16,1,1,One year,DSL,Yes,0
25,84.08,2066.74,0,0,Month-to-month,Fiber,No,1
45,72.86,3212.54,3,0,One year,DSL,Yes,0
43,78.25,3296.16,1,2,Month-to-month,Fiber,Yes,0
22,89.44,1976.23,2,0,Two year,Fiber,Yes,1
2,49.76,46.95,4,1,Two year,DSL,Yes,1
11,91.95,838.43,1,1,Month-to-month,DSL,Yes,0
70,35.67,2351.57,1,0,Month-to-month,DSL,Yes,1
31,78.21,2526.5,2,1,Two year,Fiber,Yes,0
35,74.47,2734.58,2,0,Two year,Fiber,No,0
34,54.59,2016.14,0,1,Month-to-month,Fiber,Yes,1
57,69.43,3980.3,0,1,Month-to-month,Fiber,No,0
5,54.44,173.09,2,0,Month-to-month,None,Yes,1
6,43.21,215.44,2,1,Two year,DSL,No,0
20,61.16,1074.05,0,0,Two year,Fiber,Yes,0
36,42.4,1373.42,2,2,Two year,Fiber,Yes,0
49,78.07,3850.95,1,2,Month-to-month,Fiber,Yes,1
36,41.25,1538.82,4,1,Two year,DSL,Yes,0
32,87.8,3005.42,2,0,Month-to-month,DSL,No,0
68,40.46,2743.18,0,2,Month-to-month,Fiber,Yes,0
12,55.84,534.33,1,1,Month-to-month,Fiber,No,1
42,54.38,2271.97,3,0,Month-to-month,DSL,Yes,0
40,103.13,4096.9,1,2,One year,DSL,Yes,0
35,78.26,2689.88,2,2,Month-to-month,Fiber,No,0
59,64.71,3852.07,1,0,Month-to-month,Fiber,Yes,0
20,82.47,1527.91,2,0,Two year,Fiber,No,1
69,20.0,1393.07,0,0,Month-to-month,DSL,Yes,0
24,68.92,1719.28,1,2,Month-to-month,DSL,Yes,0
40,119.94,4939.49,0,1,Month-to-month,Fiber,No,1
38,73.31,2816.77,2,0,Month-to-month,Fiber,Yes,1
62,71.7,4549.58,2,1,Month-to-month,DSL,Yes,0
32,83.7,2634.11,0,1,One year,Fiber,Yes,0
21,92.39,1909.76,1,0,Month-to-month,Fiber,Yes,0
2,20.06,174.91,2,1,Month-to-month,Fiber,Yes,0
27,27.94,617.27,0,0,Two year,DSL,Yes,0
60,75.26,4475.12,3,1,Month-to-month,Fiber,Yes,0
1,52.13,164.97,3,3,One year,None,Yes,1
65,102.8,6660.93,2,1,Month-to-month,Fiber,Yes,0
40,62.12,2456.27,2,0,Two year,DSL,Yes,0
11,21.64,211.47,0,2,Month-to-month,DSL,Yes,0
22,38.3,854.31,2,1,One year,DSL,No,0
40,20.0,908.61,1,0,One year,None,No,0
23,64.15,1567.8,0,0,One year,None,Yes,1
8,65.29,523.47,2,1,Two year,DSL,Yes,0
48,59.39,2959.88,2,0,Month-to-month,None,Yes,0
49,96.97,4785.81,1,2,Month-to-month,DSL,Yes,0
9,99.96,985.58,0,2,Two year,Fiber,Yes,0
21,65.74,1277.71,1,0,Two year,Fiber,No,0
18,20.0,533.86,1,1,Month-to-month,Fiber,No,1
48,85.43,4122.76,3,2,One year,Fiber,Yes,1
53,83.88,4171.02,2,1,One year,Fiber,Yes,1
53,77.73,4285.9,1,1,One year,DSL,No,0
68,94.54,6429.02,0,1,Two year,None,No,0
56,40.88,2249.69,2,2,Two year,DSL,Yes,0
24,120.22,2824.68,2,0,Month-to-month,DSL,No,1
8,46.01,412.06,1,2,One year,None,Yes,0
45,88.73,3904.04,2,1,Month-to-month,Fiber,No,1
66,27.82,1778.19,1,0,Month-to-month,Fiber,Yes,0
71,46.74,3263.49,1,1,Two year,DSL,Yes,0
17,107.91,1805.23,6,0,One year,DSL,Yes,0
18,63.48,1091.07,3,1,Month-to-month,DSL,Yes,1
3,91.0,358.28,2,2,One year,Fiber,Yes,0
11,75.92,862.27,0,0,Month-to-month,Fiber,Yes,1
40,67.38,2734.35,2,0,Month-to-month,Fiber,No,0
40,104.1,4224.91,1,2,One year,Fiber,Yes,1
27,64.08,1720.95,5,0,One year,None,No,0
23,25.48,484.04,1,0,Month-to-month,DSL,Yes,0
60,49.92,3175.66,0,0,Month-to-month,None,No,1
34,83.78,2941.27,3,1,One year,Fiber,Yes,0
59,79.89,4874.66,1,1,Month-to-month,None,Yes,1
70,30.82,2261.1,1,0,Two year,Fiber,Yes,0
23,51.89,1147.47,2,1,Month-to-month,DSL,No,0
15,55.46,597.06,0,1,Two year,DSL,Yes,0
69,60.86,4076.66,3,1,Month-to-month,None,Yes,1
46,35.6,1701.35,2,2,Month-to-month,Fiber,No,1
21,54.29,1129.93,0,1,Month-to-month,Fiber,Yes,0
45,51.78,2288.33,1,0,One year,Fiber,Yes,0
38,89.29,3143.4,1,1,Two year,DSL,Yes,0
66,90.23,5953.74,1,3,Month-to-month,Fiber,No,0
19,66.35,1152.56,0,1,Month-to-month,None,No,0
72,60.2,4261.89,2,0,Month-to-month,DSL,No,0
68,73.5,5082.88,0,0,One year,Fiber,Yes,0
14,49.59,591.28,0,3,Month-to-month,None,Yes,1
12,41.33,402.58,0,0,Two year,DSL,No,0
39,46.49,1831.84,1,1,Month-to-month,DSL,Yes,1
4,54.13,303.75,3,1,One year,Fiber,Yes,0
22,40.91,859.82,1,0,Two year,Fiber,No,0
32,74.05,2516.37,2,3,Month-to-month,Fiber,Yes,0
70,88.24,6049.14,0,0,Month-to-month,DSL,Yes,1
72,30.32,2037.82,3,2,Two year,DSL,No,0
11,70.63,622.98,1,1,Month-to-month,Fiber,Yes,1
65,64.5,4027.39,3,0,One year,DSL,No,1
7,78.54,583.42,2,2,Two year,DSL,Yes,0
54,69.68,3664.75,2,0,Month-to-month,Fiber,Yes,0
61,33.66,1912.24,0,2,Two year,DSL,No,0
65,38.44,2536.6,1,0,Month-to-month,Fiber,No,0
17,70.74,1284.9,1,3,One year,None,No,1
65,95.72,6326.85,0,3,Month-to-month,Fiber,Yes,0
9,20.0,267.53,0,1,Month-to-month,Fiber,Yes,0
38,78.64,2896.63,0,1,Month-to-month,DSL,Yes,1
34,99.74,3418.79,0,0,Month-to-month,Fiber,Yes,0
23,66.17,1571.7,2,0,Month-to-month,Fiber,No,1
2,83.76,120.02,3,1,Month-to-month,DSL,No,1
56,52.42,2952.18,1,1,One year,Fiber,Yes,0
25,67.02,1550.23,3,0,Month-to-month,DSL,No,0
48,29.48,1352.14,3,0,Month-to-month,DSL,Yes,0
30,20.0,637.18,1,2,Month-to-month,Fiber,No,1
27,93.57,2677.12,3,1,Month-to-month,Fiber,Yes,1
64,45.38,3019.15,1,3,Month-to-month,DSL,No,0
7,58.61,476.37,0,1,Month-to-month,DSL,No,0
54,35.34,1916.27,1,0,One year,DSL,Yes,0
54,34.75,1869.02,1,0,One year,Fiber,No,0
28,65.65,1693.55,2,0,One year,Fiber,Yes,1
19,51.76,899.9,3,0,Month-to-month,DSL,No,1
1,79.45,0.0,1,1,Two year,Fiber,Yes,0
68,81.31,5586.79,1,2,One year,None,Yes,0
69,78.02,5477.96,2,1,One year,Fiber,No,1
18,75.97,1441.03,1,0,Month-to-month,Fiber,No,1
3,109.44,446.6,2,0,Month-to-month,Fiber,No,1
9,43.31,397.02,2,1,Month-to-month,Fiber,Yes,1
5,68.63,244.84,2,3,Month-to-month,None,Yes,1
60,98.32,5894.04,3,2,One year,DSL,Yes,0
65,101.61,6532.39,0,2,Month-to-month,DSL,No,0
12,34.46,479.26,1,0,Month-to-month,DSL,No,0
54,62.19,3322.41,1,0,Month-to-month,Fiber,No,0
13,103.95,1341.54,1,1,Month-to-month,DSL,Yes,1
27,82.7,2302.32,0,1,Month-to-month,None,No,1
44,74.88,3220.68,3,3,Month-to-month,DSL,Yes,1
52,64.56,3453.41,0,0,Month-to-month,Fiber,No,0
63,60.4,3670.75,1,1,Month-to-month,DSL,Yes,0
4,77.21,339.48,3,2,One year,Fiber,Yes,1
15,63.69,946.27,1,1,Two year,Fiber,Yes,0
21,68.94,1530.38,3,1,Two year,Fiber,No,0
23,71.96,1517.76,1,1,One year,Fiber,Yes,0
72,53.05,3666.39,1,1,Month-to-month,Fiber,Yes,0
56,83.3,4739.99,1,1,One year,Fiber,No,0
24,130.0,3080.91,2,0,Two year,None,No,0
70,25.58,1781.19,0,1,Month-to-month,Fiber,Yes,1
36,78.1,2745.64,1,0,Month-to-month,Fiber,Yes,0
37,51.0,1978.11,0,0,One year,Fiber,Yes,0
32,84.44,2731.84,1,0,Month-to-month,None,Yes,1
11,71.16,806.87,1,3,One year,Fiber,Yes,1
68,89.05,5938.19,3,2,Month-to-month,None,Yes,1
2,99.39,248.93,3,0,Month-to-month,Fiber,Yes,0
13,74.81,873.32,0,2,One year,DSL,Yes,0
17,98.3,1605.27,2,1,One year,DSL,Yes,0
21,20.0,283.47,2,0,One year,Fiber,Yes,1
10,109.76,1081.96,0,1,Two year,Fiber,Yes,1
2,79.38,265.2,0,2,Two year,Fiber,Yes,0
49,96.95,4773.03,3,2,Month-to-month,None,Yes,1
70,39.5,2721.04,0,1,Two year,Fiber,Yes,0
9,49.23,453.99,0,0,Month-to-month,DSL,No,1
22,73.65,1630.63,3,0,Month-to-month,Fiber,No,1
37,69.57,2580.85,2,0,Two year,DSL,Yes,0
67,77.08,5181.87,2,0,Month-to-month,Fiber,No,0
50,97.11,4751.64,2,1,Two year,None,No,0
56,25.87,1459.35,1,1,Month-to-month,DSL,No,0
42,94.35,3786.99,2,1,Month-to-month,Fiber,Yes,1
31,70.21,2233.98,1,2,Month-to-month,Fiber,Yes,1
15,64.91,863.31,2,1,One year,DSL,Yes,0
63,33.22,2210.75,0,2,Two year,Fiber,Yes,0
58,82.58,4544.9,3,0,Month-to-month,Fiber,Yes,0
2,20.0,207.44,1,0,Month-to-month,Fiber,No,0
52,86.21,4318.99,2,2,Month-to-month,DSL,Yes,1
7,32.7,108.89,0,0,Month-to-month,DSL,Yes,1
54,71.34,3882.07,0,0,One year,Fiber,No,0
60,67.02,4083.12,0,1,One year,DSL,Yes,0
10,99.24,964.05,0,0,Month-to-month,DSL,Yes,1
32,65.53,2186.34,2,1,Month-to-month,None,No,0
9,52.65,394.16,1,1,One year,Fiber,Yes,0
41,57.33,2310.76,1,1,Month-to-month,Fiber,Yes,1
67,101.82,6791.87,1,0,Month-to-month,None,Yes,0
6,83.41,446.6,1,0,One year,DSL,Yes,0
29,60.36,1557.0,2,3,Month-to-month,DSL,No,1
71,64.09,4547.84,0,0,Month-to-month,Fiber,Yes,0
22,30.82,666.55,3,0,Month-to-month,Fiber,No,0
10,79.71,904.94,1,2,One year,DSL,Yes,0
36,26.0,807.57,2,1,Month-to-month,Fiber,No,1
37,88.79,3221.47,1,1,Two year,DSL,Yes,0
48,73.22,3634.7,1,0,Month-to-month,Fiber,No,0
23,129.67,3011.83,2,2,Month-to-month,Fiber,Yes,1
69,42.5,2987.2,1,0,One year,Fiber,No,0
38,67.43,2607.81,2,1,Month-to-month,DSL,No,0
21,114.96,2459.89,0,1,Month-to-month,DSL,Yes,1
70,99.78,7167.04,2,0,Month-to-month,Fiber,Yes,1
67,52.59,3533.0,0,0,One year,None,Yes,0
36,75.6,2620.44,2,0,Month-to-month,Fiber,Yes,1
2,70.05,203.98,2,1,Two year,DSL,Yes,0
43,77.05,3256.45,3,1,Month-to-month,Fiber,Yes,0
40,52.53,2090.33,1,1,Month-to-month,DSL,No,0
11,67.77,782.45,1,0,Month-to-month,DSL,No,0
46,30.05,1300.1,1,2,Month-to-month,DSL,Yes,0
61,73.38,4425.03,3,0,Two year,DSL,Yes,0
8,81.25,697.59,1,1,Month-to-month,DSL,Yes,1
53,64.31,3353.8,4,0,Two year,DSL,No,0
11,29.62,423.2,1,0,Month-to-month,Fiber,No,1
54,94.71,5015.9,0,0,Month-to-month,Fiber,Yes,0
31,79.11,2353.55,1,1,Month-to-month,Fiber,Yes,0
1,51.85,242.46,3,1,One year,DSL,Yes,0
70,62.98,4255.93,3,0,Month-to-month,Fiber,Yes,1
12,32.48,387.13,0,1,One year,DSL,No,0
43,44.36,2092.83,2,0,Two year,DSL,No,0
14,56.55,788.91,1,1,One year,Fiber,Yes,0
68,100.71,6982.99,2,0,Month-to-month,Fiber,Yes,0
54,54.01,2981.92,3,0,One year,Fiber,Yes,0
58,86.01,4987.59,1,1,Month-to-month,Fiber,No,1
32,56.54,1796.28,2,2,Month-to-month,DSL,No,1
34,76.2,2378.82,0,0,Month-to-month,DSL,Yes,0
46,66.47,3025.48,1,1,Two year,Fiber,Yes,0
57,91.83,5257.33,4,2,Month-to-month,DSL,No,1
61,56.63,3477.58,3,1,One year,DSL,No,0
2,30.69,307.96,1,1,One year,DSL,Yes,0
48,35.45,1729.76,2,1,Month-to-month,None,Yes,0
8,56.7,516.64,1,1,Month-to-month,DSL,No,0
21,38.77,930.74,2,1,One year,DSL,No,1
60,80.26,4869.37,0,1,Month-to-month,None,No,1
19,58.36,1100.16,1,0,Month-to-month,Fiber,Yes,1
58,129.37,7495.06,1,1,Month-to-month,Fiber,Yes,1
34,26.56,867.88,1,0,Two year,Fiber,Yes,0
17,75.09,1320.97,0,1,Month-to-month,DSL,No,1
25,41.8,1028.0,2,0,Month-to-month,Fiber,No,1
39,57.66,2311.43,2,0,Month-to-month,DSL,Yes,1
56,73.54,4017.08,1,2,Month-to-month,None,No,1
44,20.0,894.68,0,0,Two year,DSL,No,0
68,75.92,5317.81,3,1,Month-to-month,Fiber,Yes,1
63,117.57,7384.62,1,2,One year,Fiber,Yes,1
55,58.66,3410.82,1,1,One year,DSL,No,0
44,76.5,3382.16,1,1,Month-to-month,Fiber,Yes,1
21,95.62,2002.43,1,4,One year,Fiber,No,1
30,65.9,1988.7,0,1,Two year,DSL,Yes,0
9,55.48,468.14,2,0,One year,None,No,0
27,20.0,341.94,1,0,One year,DSL,No,0
67,86.02,5851.68,0,0,Month-to-month,Fiber,No,1
31,67.17,2301.57,1,0,Two year,Fiber,No,1
9,44.68,450.19,1,1,Month-to-month,Fiber,Yes,1
47,73.16,3492.88,2,2,One year,Fiber,Yes,1
70,55.41,3860.3,0,1,Month-to-month,Fiber,No,0
63,56.79,3693.51,2,0,One year,Fiber,Yes,0
20,85.16,1699.22,2,0,Two year,Fiber,No,0
33,36.54,1232.56,1,0,One year,Fiber,Yes,1
39,96.18,3594.61,1,0,Month-to-month,Fiber,Yes,0
18,35.06,578.11,1,1,One year,DSL,Yes,0
20,53.43,1105.38,2,0,Two year,DSL,No,0
18,118.07,2216.05,5,1,One year,Fiber,Yes,1
72,98.18,7162.73,1,3,Two year,None,Yes,0
54,72.44,3753.85,1,1,Two year,DSL,Yes,0
61,46.49,2687.91,0,2,Two year,Fiber,No,0
59,56.77,3407.74,1,2,Month-to-month,DSL,Yes,0
70,71.83,4953.55,2,1,Month-to-month,Fiber,Yes,1
8,70.94,656.96,1,1,Two year,Fiber,Yes,0
64,67.73,4171.59,2,0,Two year,Fiber,Yes,0
5,69.23,336.3,0,0,Month-to-month,Fiber,Yes,1
35,64.64,2259.0,1,3,Month-to-month,Fiber,No,1
43,33.95,1507.92,2,0,Month-to-month,DSL,Yes,0
26,57.09,1381.15,1,2,One year,Fiber,No,0
11,92.87,824.85,1,0,Two year,DSL,No,0
14,35.79,518.21,2,0,One year,None,Yes,0
60,65.26,3968.31,2,2,Month-to-month,Fiber,No,1
23,49.51,1239.39,2,3,Month-to-month,DSL,No,0
23,72.78,1638.17,0,1,Two year,DSL,Yes,0
67,60.28,4116.61,0,3,Month-to-month,Fiber,No,0
11,106.93,1224.86,1,0,Month-to-month,None,No,0
66,82.66,5588.1,3,0,Month-to-month,DSL,Yes,1
67,37.2,2487.19,1,1,Two year,Fiber,Yes,0
44,86.78,3645.36,1,4,Month-to-month,DSL,Yes,0
12,50.63,600.84,3,2,Month-to-month,Fiber,Yes,1
12,55.58,675.75,1,0,Month-to-month,Fiber,Yes,1
21,77.85,1686.57,2,2,Two year,DSL,Yes,0
42,57.71,2270.4,2,0,Month-to-month,Fiber,No,1
12,92.32,1076.65,3,2,Month-to-month,DSL,Yes,1
33,50.64,1757.84,2,0,Month-to-month,Fiber,Yes,0
9,54.53,480.33,2,2,Month-to-month,DSL,No,1
39,53.59,2059.46,4,0,Two year,Fiber,Yes,0
2,55.86,302.35,2,1,One year,DSL,Yes,1
52,97.48,4961.95,0,1,Month-to-month,Fiber,Yes,0
4,85.72,466.2,3,1,Two year,DSL,Yes,0
15,112.75,1793.35,1,0,Month-to-month,Fiber,Yes,1
13,126.69,1624.47,1,0,Two year,DSL,Yes,1
60,44.23,2650.64,3,0,Month-to-month,Fiber,No,0
4,71.76,283.4,3,0,Month-to-month,Fiber,Yes,1
31,40.59,1276.64,2,1,Two year,Fiber,No,0
43,50.56,2114.62,2,0,Two year,Fiber,No,1
38,54.25,2018.61,0,1,One year,Fiber,Yes,0
50,43.57,2143.03,1,2,One year,Fiber,Yes,0
58,43.7,2502.43,3,1,Two year,Fiber,No,0
29,66.39,1894.32,0,2,One year,Fiber,Yes,0
60,39.58,2150.84,2,1,Month-to-month,None,Yes,0
23,91.05,2103.99,0,2,Month-to-month,Fiber,Yes,1
71,47.06,3288.24,0,3,One year,Fiber,No,0
37,130.0,4623.32,1,2,One year,Fiber,Yes,1
53,58.72,3076.91,2,2,Two year,Fiber,Yes,0
64,71.8,4557.13,4,1,Month-to-month,Fiber,Yes,0
58,37.62,2309.28,2,2,Month-to-month,DSL,No,0
62,112.65,6930.52,0,0,Month-to-month,DSL,Yes,0
39,97.99,3888.29,1,0,Two year,DSL,No,0
4,77.42,447.97,0,1,Month-to-month,Fiber,Yes,1
36,36.33,1245.07,0,3,Two year,Fiber,Yes,0
14,75.27,1048.98,1,1,Month-to-month,DSL,Yes,0
65,41.96,2900.54,1,1,Month-to-month,Fiber,Yes,1
18,106.56,1940.96,2,1,Two year,Fiber,Yes,0
17,90.23,1571.28,2,0,Month-to-month,None,No,0
18,72.39,1262.22,2,3,Two year,DSL,Yes,0
47,20.0,1008.71,2,1,Month-to-month,DSL,No,0
42,45.41,1903.45,1,3,Month-to-month,DSL,Yes,0
69,87.19,5833.18,0,1,One year,Fiber,Yes,0
30,100.32,2974.14,0,2,Two year,DSL,Yes,0
21,97.73,1934.0,0,0,Month-to-month,DSL,No,0
4,30.2,132.02,0,0,Month-to-month,Fiber,Yes,1
1,77.54,0.0,2,0,One year,Fiber,Yes,0
27,95.39,2623.29,1,0,Two year,DSL,Yes,0
67,28.54,1916.76,1,0,Two year,Fiber,Yes,0
38,69.8,2527.69,1,1,Two year,DSL,Yes,0
65,76.85,4945.74,3,0,Month-to-month,Fiber,No,1
8,62.48,561.9,1,1,One year,Fiber,Yes,0
7,23.7,280.67,4,0,Two year,DSL,No,0
61,61.86,3683.07,2,1,Two year,DSL,Yes,0
8,61.82,384.79,0,0,Two year,Fiber,No,0
4,66.3,460.29,0,1,Two year,Fiber,No,0
30,55.91,1676.42,1,0,Two year,DSL,No,0
67,58.92,3957.1,0,0,Month-to-month,Fiber,No,1
50,69.01,3376.43,0,0,Month-to-month,DSL,No,1
8,81.06,670.01,1,1,Two year,Fiber,Yes,0
61,62.39,3977.26,0,0,Month-to-month,Fiber,Yes,0
61,59.76,3670.72,1,0,Month-to-month,Fiber,Yes,1
58,72.31,4300.41,3,1,Month-to-month,Fiber,Yes,1
65,21.98,1431.41,1,1,One year,Fiber,Yes,0
18,81.93,1372.09,1,1,Two year,DSL,Yes,0
71,69.99,4900.68,0,0,Two year,Fiber,No,0
24,70.99,1592.04,1,1,Month-to-month,DSL,Yes,1
58,94.02,5474.84,0,2,Month-to-month,Fiber,Yes,1
42,21.18,1011.93,1,0,Month-to-month,Fiber,Yes,0
57,20.65,1193.39,0,1,Two year,DSL,No,0
46,76.85,3504.1,0,2,Month-to-month,Fiber,Yes,1
47,69.82,3202.67,0,2,One year,Fiber,Yes,0
45,74.25,3376.99,1,0,One year,Fiber,Yes,1
57,58.45,3207.66,2,1,One year,Fiber,No,1
54,86.61,4563.47,2,0,One year,Fiber,Yes,1
10,93.32,1023.18,0,1,One year,DSL,Yes,1
60,82.1,4898.2,2,1,One year,Fiber,Yes,0
39,63.48,2445.95,1,0,Month-to-month,Fiber,Yes,0
24,20.0,463.09,1,1,Month-to-month,DSL,No,0
38,89.23,3463.36,2,1,Month-to-month,None,Yes,1
70,100.54,7054.58,0,1,Month-to-month,Fiber,No,1
62,86.11,5264.76,2,1,One year,DSL,Yes,0
61,48.01,2857.84,1,0,Month-to-month,DSL,No,1
34,86.84,2933.21,3,0,Two year,None,Yes,0
57,91.51,5246.48,1,0,Month-to-month,Fiber,No,1
28,108.97,3047.62,2,1,One year,DSL,Yes,1
50,48.1,2392.41,2,0,Month-to-month,Fiber,Yes,0
47,64.34,3028.54,3,1,Month-to-month,DSL,Yes,0
18,88.68,1592.65,5,0,Month-to-month,Fiber,No,1
20,71.44,1350.67,2,0,One year,Fiber,No,1
5,42.07,321.04,2,0,Month-to-month,DSL,Yes,0
11,80.37,835.79,2,2,One year,Fiber,Yes,1
32,84.47,2715.85,0,1,One year,None,Yes,0
35,72.2,2320.93,2,1,Two year,DSL,Yes,0
12,75.49,884.36,1,0,One year,DSL,No,0
31,63.53,1859.54,3,0,One year,None,Yes,0
44,106.96,4608.2,2,0,Two year,DSL,Yes,0
17,47.48,1049.42,1,1,Month-to-month,Fiber,Yes,1
25,55.32,1407.88,3,0,One year,Fiber,Yes,0
27,70.27,2020.02,0,0,Month-to-month,DSL,No,1
37,91.97,3488.56,2,5,One year,DSL,Yes,1
27,32.57,977.6,0,0,Month-to-month,DSL,No,0
54,37.24,1991.19,1,0,Month-to-month,DSL,No,0
24,20.0,640.64,1,0,One year,Fiber,Yes,0
32,70.82,2350.82,1,1,Month-to-month,Fiber,Yes,1
28,42.04,1181.32,1,0,Month-to-month,DSL,No,0
14,60.39,871.74,2,1,Month-to-month,Fiber,No,1
50,86.53,4313.05,0,0,Two year,Fiber,Yes,0
17,53.96,922.57,2,0,Month-to-month,DSL,No,0
22,75.78,1662.85,0,1,Month-to-month,Fiber,Yes,1
58,62.52,3664.11,0,0,Two year,DSL,Yes,0
69,86.8,6163.39,3,0,Two year,Fiber,Yes,1
49,81.88,3891.51,2,1,Month-to-month,DSL,No,1
66,52.7,3592.54,0,0,Month-to-month,Fiber,Yes,1
62,65.78,4041.77,2,2,Month-to-month,None,Yes,0
35,96.09,3490.24,2,0,Two year,DSL,Yes,1
56,79.83,4437.38,1,0,Month-to-month,None,Yes,0
24,35.08,883.1,2,1,Month-to-month,DSL,Yes,1
34,86.39,2921.39,0,3,Month-to-month,DSL,No,1
39,42.88,1499.45,3,3,One year,DSL,Yes,0
70,105.31,7545.8,6,3,Month-to-month,Fiber,No,1
62,95.6,5833.08,1,1,One year,Fiber,No,0
36,77.25,2789.29,2,2,Month-to-month,None,No,1
47,73.93,3369.51,0,0,One year,Fiber,No,0
15,64.77,837.91,5,0,Two year,Fiber,Yes,1
58,86.96,5023.37,1,2,Month-to-month,Fiber,Yes,1
40,60.73,2369.87,1,0,Month-to-month,None,Yes,0
39,75.89,2842.8,3,2,Month-to-month,Fiber,Yes,1
56,91.8,5137.16,1,0,One year,Fiber,Yes,0
46,55.95,2425.73,1,0,Month-to-month,Fiber,No,0
6,54.6,340.12,2,0,One year,DSL,No,0
21,40.14,830.23,1,1,Month-to-month,None,Yes,0
13,43.39,316.01,0,1,One year,None,No,0
53,24.29,1235.07,0,0,One year,Fiber,Yes,0
3,88.25,311.58,3,0,Month-to-month,DSL,Yes,1
15,115.22,1621.99,2,0,Month-to-month,DSL,Yes,0
44,105.63,4699.04,1,0,One year,None,Yes,1
51,29.35,1540.01,2,1,Month-to-month,Fiber,Yes,0
37,88.12,3158.72,1,1,One year,Fiber,Yes,1
62,105.55,6543.04,1,0,Two year,None,Yes,0
67,58.58,4007.34,2,0,Month-to-month,Fiber,Yes,0
10,72.54,637.72,0,1,Month-to-month,Fiber,No,1
69,20.0,1359.42,1,1,Month-to-month,DSL,Yes,0
45,76.67,3565.1,1,2,Month-to-month,DSL,No,0
46,43.41,1911.14,1,0,Two year,Fiber,Yes,0
7,74.99,570.85,2,0,Two year,DSL,Yes,1
45,30.97,1285.73,1,0,Month-to-month,Fiber,Yes,0
53,83.57,4413.19,1,1,Two year,Fiber,No,0
42,95.61,4060.41,2,1,Month-to-month,DSL,Yes,0
7,50.42,112.49,6,0,Two year,Fiber,Yes,0
38,41.58,1526.49,2,1,Two year,DSL,No,0
68,20.0,1402.93,1,1,Month-to-month,Fiber,No,0
53,63.34,3379.59,1,0,One year,DSL,No,0
10,55.46,502.36,1,0,One year,Fiber,No,1
70,31.22,2075.26,0,2,Month-to-month,Fiber,Yes,0
70,81.33,5755.63,4,0,Month-to-month,Fiber,No,0
13,58.75,731.52,2,1,One year,DSL,Yes,0
58,43.11,2554.72,1,2,Month-to-month,DSL,No,0
30,56.14,1722.09,2,0,Month-to-month,Fiber,Yes,0
43,96.78,4116.91,2,2,Month-to-month,DSL,Yes,0
33,85.07,2914.68,1,1,One year,DSL,Yes,0
57,66.75,3745.29,0,1,Month-to-month,Fiber,No,0
72,85.48,6273.43,1,1,Month-to-month,DSL,Yes,1
58,40.98,2508.81,0,0,Month-to-month,DSL,No,0
68,70.81,4920.04,1,1,Month-to-month,DSL,Yes,0
69,73.68,5066.07,2,1,One year,Fiber,Yes,0
7,58.25,662.49,1,1,Month-to-month,Fiber,Yes,1
19,80.89,1552.03,1,0,One year,Fiber,Yes,0
52,50.49,2649.54,1,1,Month-to-month,Fiber,No,0
43,82.75,3555.85,1,0,One year,Fiber,No,0
4,83.8,222.21,0,0,Month-to-month,Fiber,No,1
7,20.0,269.51,3,1,Two year,DSL,Yes,0
38,99.76,3733.55,0,2,Month-to-month,Fiber,Yes,1
45,20.0,991.96,1,0,Two year,DSL,No,0
13,54.6,825.74,3,0,Month-to-month,Fiber,No,1
13,95.63,1303.57,2,0,Month-to-month,Fiber,No,0
10,62.07,551.48,1,1,One year,Fiber,Yes,1
41,33.35,1333.05,2,0,Month-to-month,Fiber,No,0
1,42.66,0.0,2,0,Month-to-month,None,Yes,0
42,95.67,4006.6,1,0,Two year,Fiber,No,1
35,21.96,848.95,1,0,One year,Fiber,No,0
34,98.22,3315.89,2,1,One year,Fiber,No,1
49,68.62,3303.49,0,0,Two year,Fiber,Yes,0
38,40.19,1497.45,2,0,Month-to-month,Fiber,No,0
53,55.42,3058.91,0,0,Month-to-month,DSL,Yes,0
56,44.57,2490.45,2,0,Two year,DSL,Yes,0
67,91.66,6326.72,0,0,Month-to-month,Fiber,No,1
58,88.31,5064.95,1,0,Month-to-month,DSL,Yes,1
38,27.02,1048.52,0,0,Month-to-month,DSL,Yes,0
36,59.91,2113.43,0,1,Month-to-month,DSL,No,0
17,48.42,1030.59,2,0,Month-to-month,None,No,1
44,102.34,4520.83,2,1,Month-to-month,Fiber,Yes,0
11,36.25,611.53,2,2,One year,Fiber,Yes,1
68,110.11,7445.18,4,0,One year,None,No,0
61,69.17,4371.98,2,1,Two year,Fiber,Yes,0
9,40.95,380.37,1,0,Month-to-month,Fiber,Yes,1
57,53.07,3108.55,1,1,Month-to-month,Fiber,Yes,1
9,49.96,327.66,3,3,One year,Fiber,No,0
52,38.13,2017.84,1,1,Month-to-month,Fiber,Yes,1
7,72.37,399.68,3,4,Month-to-month,None,Yes,1
36,39.3,1440.59,1,0,One year,DSL,No,1
48,20.0,808.16,1,1,One year,DSL,No,1
53,60.51,3197.52,2,0,Month-to-month,Fiber,Yes,1
31,24.93,882.35,2,0,One year,Fiber,No,1
67,51.2,3484.89,2,1,One year,Fiber,No,0
56,47.27,2523.86,0,0,Two year,DSL,Yes,0
15,48.22,533.46,2,0,Month-to-month,Fiber,Yes,1
49,120.02,5930.87,0,0,One year,Fiber,Yes,0
53,71.41,3942.87,0,0,One year,None,No,0
25,76.13,1806.96,1,0,Month-to-month,Fiber,No,0
54,25.59,1591.6,0,1,One year,None,Yes,0
65,53.65,3486.66,2,0,One year,Fiber,No,0
59,75.38,4251.7,0,0,Month-to-month,Fiber,No,0
55,44.39,2285.18,5,1,Month-to-month,Fiber,Yes,0
46,92.7,4341.27,2,0,Month-to-month,Fiber,No,0
20,39.93,811.61,2,0,One year,Fiber,No,0
58,62.84,3792.99,2,1,Month-to-month,DSL,No,1
27,55.35,1374.6,2,4,Month-to-month,Fiber,No,0
39,74.11,2902.06,3,0,Month-to-month,Fiber,Yes,0
23,53.99,1242.39,2,0,One year,DSL,No,0
23,63.23,1439.93,0,0,One year,Fiber,Yes,0
12,64.1,730.9,4,0,Month-to-month,DSL,No,0
70,51.64,3578.55,2,1,Month-to-month,DSL,No,0
11,82.13,920.87,0,0,Month-to-month,Fiber,No,0
7,75.96,561.98,1,1,Month-to-month,DSL,No,1
68,67.78,4634.61,2,0,One year,None,No,0
40,59.24,2490.14,2,0,Month-to-month,None,Yes,1
32,89.91,2757.11,0,1,One year,Fiber,Yes,1
54,64.1,3280.46,1,1,One year,Fiber,Yes,1
28,62.33,1847.01,2,0,Two year,DSL,No,1
10,72.62,631.82,3,1,Month-to-month,Fiber,Yes,1
53,112.41,5920.03,1,0,Month-to-month,DSL,Yes,1
13,36.49,413.17,0,0,Month-to-month,None,Yes,1
40,89.25,3506.51,1,0,Two year,None,Yes,0
69,22.67,1418.45,0,1,One year,DSL,Yes,0
68,75.43,5072.41,1,2,One year,Fiber,No,0
26,109.38,2908.74,1,0,One year,Fiber,No,1
57,82.22,4685.96,1,1,Month-to-month,Fiber,Yes,0
45,74.27,3392.4,3,1,One year,DSL,No,1
35,55.99,1910.0,1,2,Two year,Fiber,Yes,0
11,70.78,868.82,0,2,Month-to-month,DSL,Yes,0
28,63.7,1732.72,1,0,Two year,Fiber,Yes,0
47,50.35,2155.62,3,0,Two year,Fiber,No,1
72,62.75,4549.89,1,0,Two year,Fiber,Yes,0
1,74.96,151.7,2,1,Two year,None,Yes,0
52,50.82,2586.69,2,0,Month-to-month,Fiber,Yes,1
61,49.84,3160.34,1,1,One year,Fiber,Yes,0
69,35.99,2398.51,0,1,Month-to-month,Fiber,Yes,0
31,79.77,2539.88,1,1,One year,Fiber,Yes,0
9,83.63,927.18,5,1,Month-to-month,DSL,No,1
20,75.79,1519.5,3,0,Two year,None,Yes,0
62,94.13,5813.37,2,0,Month-to-month,DSL,Yes,1
64,72.2,4610.02,2,0,Month-to-month,Fiber,Yes,1
46,79.8,3833.64,2,1,Month-to-month,Fiber,Yes,0
9,77.6,738.64,0,0,One year,Fiber,No,0
9,67.71,823.82,0,0,Month-to-month,Fiber,Yes,1
35,56.73,2013.46,3,1,Month-to-month,DSL,Yes,0
43,125.35,5324.83,3,0,Month-to-month,DSL,No,0
3,58.7,117.75,0,3,Month-to-month,Fiber,No,1
50,53.35,2673.81,2,0,Two year,Fiber,Yes,0
40,80.85,3029.88,1,2,Month-to-month,None,Yes,0
1,76.3,28.8,0,0,Month-to-month,Fiber,No,0
7,34.88,198.88,2,0,Month-to-month,DSL,No,1
33,98.07,3260.19,2,1,Month-to-month,DSL,No,1
53,67.65,3779.37,4,1,Month-to-month,Fiber,Yes,1
60,42.23,2539.09,0,1,Month-to-month,Fiber,No,0
32,99.72,2998.76,0,0,Month-to-month,DSL,Yes,0
22,85.64,1792.73,2,0,Month-to-month,Fiber,Yes,1
70,38.39,2713.28,0,2,Month-to-month,None,No,0
34,114.43,3899.9,1,2,One year,Fiber,No,0
23,86.47,2151.25,0,3,Month-to-month,Fiber,Yes,1
32,69.75,2327.85,4,1,One year,DSL,Yes,1
1,109.76,202.77,2,0,One year,Fiber,No,0
22,73.98,1605.9,3,2,Two year,DSL,Yes,0
38,69.3,2743.23,4,0,Month-to-month,Fiber,Yes,1
67,53.49,3494.4,4,1,One year,DSL,Yes,1
54,84.55,4662.33,0,0,Two year,DSL,Yes,0
57,81.92,4640.92,0,2,Two year,DSL,No,0
40,70.37,2669.88,3,1,Two year,DSL,Yes,0
8,50.25,461.33,2,0,Month-to-month,Fiber,Yes,1
29,73.25,2263.95,0,2,Two year,DSL,No,0
72,68.26,4873.7,1,0,Two year,None,Yes,0
4,36.66,302.93,1,0,Month-to-month,Fiber,Yes,1
64,33.2,1959.51,0,0,Month-to-month,DSL,Yes,1
50,84.13,4086.76,0,0,Two year,Fiber,No,0
21,20.0,405.33,4,0,Month-to-month,DSL,No,1
57,75.14,4245.63,1,1,One year,Fiber,No,0
61,58.05,3474.21,2,1,Month-to-month,DSL,Yes,0
4,102.71,424.19,1,2,One year,Fiber,No,0
8,57.66,408.45,1,0,Month-to-month,DSL,Yes,0
48,86.49,4115.48,0,1,One year,DSL,Yes,0
72,60.08,4353.4,3,0,Month-to-month,DSL,Yes,1
2,72.84,78.93,4,0,Two year,Fiber,Yes,0
48,88.42,4233.6,4,1,Month-to-month,Fiber,Yes,1
10,58.44,519.81,2,1,Month-to-month,None,Yes,1
47,94.91,4340.39,0,1,Month-to-month,Fiber,No,1
45,45.16,2108.46,4,2,Month-to-month,DSL,No,1
7,77.36,712.33,1,0,Two year,Fiber,Yes,0
50,93.07,4759.76,3,2,Month-to-month,Fiber,No,0
65,86.5,5655.73,3,0,Month-to-month,Fiber,No,1
63,117.91,7364.25,2,0,Two year,Fiber,Yes,1
3,50.91,124.05,3,0,Month-to-month,Fiber,No,1
18,35.52,745.08,1,0,Month-to-month,DSL,No,0
18,45.14,584.4,1,0,One year,None,Yes,0
33,86.51,2818.54,3,0,Month-to-month,DSL,Yes,1
11,82.45,980.34,1,3,Two year,Fiber,Yes,0
62,72.56,4384.67,1,1,One year,DSL,No,1
56,41.93,2390.2,3,1,Month-to-month,Fiber,Yes,1
59,89.17,5298.83,1,2,One year,Fiber,Yes,0
15,39.38,445.3,1,0,Two year,Fiber,Yes,0
2,98.97,206.65,2,1,Month-to-month,Fiber,Yes,1
66,130.0,8518.26,0,0,One year,Fiber,Yes,0
21,79.16,1704.0,1,0,Month-to-month,Fiber,No,1
48,84.58,4126.71,1,0,Month-to-month,Fiber,Yes,1
66,57.68,3846.68,3,1,One year,Fiber,No,0
3,24.74,81.49,0,0,Month-to-month,DSL,Yes,0
1,54.93,83.82,3,2,Month-to-month,Fiber,Yes,1
1,42.68,0.0,1,1,Month-to-month,Fiber,Yes,0
12,33.82,402.82,3,1,One year,Fiber,Yes,1
4,113.06,372.59,1,1,One year,DSL,No,1
60,76.82,4712.45,0,1,Month-to-month,Fiber,No,1
44,79.49,3565.98,3,1,Month-to-month,Fiber,Yes,0
71,62.27,4489.53,2,0,Two year,Fiber,No,0
58,65.68,3980.69,0,2,Month-to-month,Fiber,No,0
70,94.11,6554.97,1,0,Month-to-month,DSL,Yes,0
18,69.19,1190.55,0,0,Month-to-month,Fiber,Yes,1
21,83.27,1713.25,0,1,One year,Fiber,No,0
62,65.1,3875.97,0,0,Month-to-month,Fiber,No,0
18,61.45,953.67,2,1,Two year,Fiber,Yes,1
5,34.83,236.25,1,0,One year,DSL,Yes,0
49,20.56,867.74,1,1,Month-to-month,Fiber,Yes,0
58,63.46,3573.24,3,2,One year,DSL,Yes,1
70,71.41,4988.7,1,2,Month-to-month,Fiber,Yes,0
67,37.85,2494.51,1,1,Month-to-month,Fiber,Yes,0
9,69.14,710.81,4,0,One year,DSL,Yes,0
56,71.34,4001.3,1,1,Month-to-month,Fiber,Yes,0
61,20.0,1140.15,2,0,Two year,Fiber,Yes,0
51,47.12,2500.38,1,1,One year,Fiber,Yes,0
60,80.18,4883.77,0,3,Month-to-month,DSL,Yes,1
61,79.68,4719.17,3,0,Two year,Fiber,No,0
33,41.16,1383.44,1,1,Month-to-month,Fiber,No,1
3,73.96,150.38,0,1,Month-to-month,Fiber,Yes,1
33,95.56,3079.34,1,0,Month-to-month,Fiber,No,0
15,89.43,1528.35,1,0,Two year,Fiber,No,0
9,67.62,620.99,1,1,Month-to-month,None,Yes,1
9,58.3,502.95,3,2,Month-to-month,DSL,No,1
51,54.27,2776.08,1,1,Month-to-month,DSL,Yes,0
37,81.7,3110.16,2,0,Month-to-month,Fiber,Yes,1
39,74.88,2850.07,0,2,Month-to-month,Fiber,No,0
54,85.74,4576.61,3,2,One year,Fiber,Yes,1
40,73.3,2997.54,2,0,Two year,DSL,Yes,0
46,90.47,4009.94,1,0,One year,DSL,Yes,0
7,72.36,605.63,1,0,Month-to-month,Fiber,Yes,0
62,89.62,5395.75,2,1,Month-to-month,DSL,Yes,0
33,91.77,3003.85,2,0,Month-to-month,Fiber,Yes,0
12,49.89,438.76,1,3,Month-to-month,Fiber,No,1
59,24.8,1357.36,1,2,One year,DSL,Yes,0
53,108.59,5884.89,2,0,Month-to-month,Fiber,No,0
4,76.42,410.11,1,0,Two year,Fiber,Yes,1
14,27.14,495.06,1,1,Month-to-month,Fiber,Yes,0
2,52.15,0.0,2,1,One year,DSL,No,1
20,89.3,1680.83,0,0,Two year,Fiber,Yes,0
8,63.01,538.05,1,0,One year,None,Yes,1
52,57.2,3045.85,0,3,Two year,Fiber,No,0
38,105.02,3910.89,0,0,Two year,DSL,Yes,0
71,43.82,3053.17,1,0,One year,DSL,Yes,0
54,50.05,2589.36,1,0,Month-to-month,Fiber,No,1
45,75.28,3553.63,1,0,Month-to-month,Fiber,Yes,0
37,79.76,2903.68,2,2,Two year,None,No,0
4,82.41,332.76,0,0,Month-to-month,None,Yes,1
6,92.78,565.05,3,0,Two year,DSL,Yes,0
45,74.96,3483.96,2,1,Month-to-month,Fiber,Yes,1
1,82.23,0.0,2,0,One year,DSL,No,1
4,63.52,370.91,2,1,Month-to-month,DSL,Yes,1
16,71.57,1017.21,1,0,Two year,DSL,No,0
64,72.69,4768.63,2,1,Month-to-month,None,No,0
34,75.38,2391.3,0,0,Month-to-month,DSL,Yes,0
52,89.31,4633.85,4,1,Two year,Fiber,Yes,0
30,83.88,2678.9,4,0,Month-to-month,Fiber,Yes,1
13,71.11,994.1,0,0,Month-to-month,DSL,No,0
27,49.77,1385.96,1,0,Two year,Fiber,Yes,0
7,71.69,397.0,0,1,Two year,DSL,No,0
56,69.3,3807.29,3,2,Month-to-month,Fiber,Yes,1
14,74.83,1182.05,3,0,One year,Fiber,No,0
28,125.16,3551.8,1,0,Month-to-month,Fiber,No,1
71,56.91,4129.33,0,0,Month-to-month,Fiber,Yes,0
43,80.56,3471.34,0,0,One year,Fiber,Yes,1
34,96.71,3260.02,5,1,Month-to-month,Fiber,Yes,1
40,72.45,2974.67,3,1,Month-to-month,DSL,Yes,1
57,128.45,7347.36,0,1,Month-to-month,Fiber,No,1
19,60.55,1133.44,1,0,Two year,None,Yes,0
46,78.1,3451.3,1,1,One year,DSL,Yes,0
63,50.03,3247.27,0,2,Month-to-month,DSL,No,0
42,61.21,2614.9,0,0,Two year,None,No,0
33,76.22,2454.74,4,0,Two year,None,Yes,0
11,91.16,1120.66,1,1,Month-to-month,DSL,No,1
18,77.98,1427.97,0,4,Two year,Fiber,Yes,1
69,101.48,7028.31,3,0,Month-to-month,Fiber,Yes,0
39,67.63,2725.8,1,0,Month-to-month,Fiber,Yes,1
22,61.7,1424.18,1,1,Month-to-month,Fiber,Yes,1
31,130.0,4059.37,2,0,Month-to-month,None,Yes,1
42,79.86,3335.09,1,1,One year,DSL,Yes,0
39,52.01,2226.87,0,0,One year,Fiber,Yes,0
51,52.64,2611.43,0,1,Two year,DSL,No,0
19,46.43,956.82,4,1,Month-to-month,Fiber,Yes,1
47,93.41,4382.08,0,1,Month-to-month,Fiber,No,1
32,60.89,1993.97,1,1,Month-to-month,Fiber,No,0
68,73.18,5099.86,2,1,Month-to-month,None,Yes,1
12,68.41,789.79,1,2,Two year,Fiber,Yes,0
11,88.29,1031.34,1,0,One year,Fiber,Yes,1
34,48.83,1686.82,0,0,One year,DSL,Yes,1
37,43.11,1530.97,0,2,One year,None,No,0
50,75.61,3906.18,3,1,Month-to-month,Fiber,Yes,0
30,85.02,2621.84,0,1,Month-to-month,Fiber,No,1
66,78.31,5125.22,1,1,Month-to-month,Fiber,No,1
35,49.76,1852.09,0,1,Two year,Fiber,No,0
10,86.94,786.23,1,0,Month-to-month,Fiber,Yes,1
9,51.4,459.74,0,0,Month-to-month,DSL,No,1
71,56.96,4001.35,2,2,One year,DSL,Yes,0
10,46.4,539.14,2,0,Month-to-month,None,Yes,1
69,102.53,7026.53,0,1,Month-to-month,None,No,1
21,85.84,1878.39,3,3,Month-to-month,Fiber,Yes,1
7,85.12,655.32,0,0,Month-to-month,None,No,1
22,101.18,2188.44,2,1,Month-to-month,Fiber,Yes,1
45,130.0,6032.97,1,0,Two year,Fiber,No,0
31,27.27,770.83,5,1,One year,None,No,1
57,51.54,2796.91,1,0,Month-to-month,Fiber,Yes,0
44,54.6,2487.82,0,0,One year,Fiber,Yes,0
29,48.73,1198.21,1,2,One year,Fiber,Yes,0
46,43.06,2129.96,3,2,One year,Fiber,No,0
70,62.51,4385.78,0,1,Two year,DSL,Yes,0
30,39.58,1044.85,1,1,Two year,None,No,0
12,78.38,845.67,0,0,Month-to-month,DSL,Yes,1
30,71.29,1975.36,2,1,Month-to-month,Fiber,Yes,1
61,82.03,5041.86,0,1,Month-to-month,DSL,No,0
16,82.69,1190.4,1,1,Month-to-month,Fiber,No,1
69,85.08,5920.4,0,0,Two year,Fiber,Yes,0
43,60.66,2578.1,1,0,One year,Fiber,Yes,0
44,123.03,5365.72,1,2,Month-to-month,Fiber,No,1
23,75.86,1795.73,1,1,Two year,DSL,No,0
67,23.44,1632.69,1,1,One year,DSL,Yes,0
3,44.94,249.4,1,1,Month-to-month,DSL,Yes,0
22,26.49,519.35,0,0,Two year,Fiber,Yes,0
31,70.43,2180.45,1,0,Month-to-month,Fiber,Yes,0
35,66.95,2279.89,0,0,Month-to-month,DSL,Yes,0
35,58.29,2056.43,0,1,Month-to-month,Fiber,Yes,1
11,120.27,1245.18,3,1,Two year,DSL,No,0
17,83.72,1380.91,2,1,Month-to-month,Fiber,Yes,1
7,88.15,575.17,2,1,Month-to-month,None,No,0
42,46.72,1991.71,1,4,One year,Fiber,Yes,1
26,45.02,1170.85,0,1,Two year,DSL,Yes,0
41,70.92,2958.36,1,0,Month-to-month,Fiber,Yes,0
43,74.33,3185.28,0,1,Month-to-month,None,Yes,1
51,23.59,1145.23,3,0,Two year,DSL,No,0
40,65.49,2638.82,3,1,One year,Fiber,No,1
47,70.35,3214.82,1,0,Month-to-month,None,No,0
43,64.62,2835.63,3,0,Month-to-month,Fiber,No,1
47,49.67,2305.72,1,2,Month-to-month,Fiber,No,1
45,56.51,2563.47,3,1,One year,Fiber,No,1
23,65.58,1530.31,1,1,One year,None,Yes,1
18,72.27,1461.01,3,1,One year,Fiber,No,1
57,85.12,4889.99,2,0,Month-to-month,None,Yes,1
25,97.02,2432.86,3,1,Two year,Fiber,Yes,0
40,62.64,2436.42,0,1,Month-to-month,Fiber,No,1
15,58.6,959.18,1,0,Two year,None,No,0
32,80.94,2563.1,2,1,Month-to-month,Fiber,Yes,1
39,85.27,3173.03,3,1,Month-to-month,DSL,No,1
46,59.14,2701.16,1,0,Month-to-month,DSL,Yes,1
38,89.76,3430.02,0,0,Month-to-month,Fiber,No,1
26,94.49,2374.88,2,0,Month-to-month,Fiber,No,1
70,102.29,7148.63,0,1,One year,DSL,Yes,0
37,114.46,4227.8,1,1,Two year,Fiber,No,0
59,48.34,2846.45,2,0,Month-to-month,None,No,0
54,70.35,3922.23,1,0,Month-to-month,Fiber,No,0
41,70.28,2750.4,2,0,Month-to-month,Fiber,No,0
64,67.55,4526.46,1,0,Two year,None,No,0
10,53.77,534.4,0,1,Month-to-month,Fiber,Yes,1
67,32.86,2259.7,1,1,Month-to-month,DSL,No,1
62,72.32,4496.44,1,1,Month-to-month,None,Yes,0
37,50.79,1706.67,1,0,Month-to-month,Fiber,Yes,0
53,72.15,3718.28,1,1,One year,None,Yes,0
38,50.15,1853.23,3,1,Month-to-month,Fiber,Yes,1
20,42.51,949.54,1,1,Month-to-month,Fiber,No,1
58,75.86,4261.3,3,1,Two year,DSL,No,0
18,73.77,1242.34,1,2,Month-to-month,DSL,No,0
23,84.48,1959.57,0,0,One year,DSL,Yes,0
38,124.65,4783.86,1,0,Month-to-month,Fiber,Yes,1
61,76.93,4737.14,0,0,Two year,Fiber,Yes,0
28,82.13,2201.16,3,1,One year,DSL,Yes,0
36,43.06,1390.4,1,2,Month-to-month,DSL,Yes,0
3,37.83,167.39,1,1,Two year,Fiber,Yes,1
9,109.57,1129.45,3,1,Month-to-month,DSL,No,1
5,46.91,200.03,1,2,Month-to-month,DSL,Yes,0
6,43.9,148.94,1,3,One year,DSL,No,0
63,69.02,4305.43,0,1,One year,Fiber,No,0
61,67.75,4171.86,3,0,Month-to-month,Fiber,No,0
60,47.44,2822.93,1,1,Month-to-month,Fiber,Yes,1
5,62.38,452.6,0,0,Month-to-month,DSL,Yes,0
6,100.73,696.9,1,2,One year,DSL,No,0
21,49.85,1065.29,1,0,Two year,Fiber,Yes,0
41,35.16,1246.05,0,1,Month-to-month,None,Yes,0
25,93.56,2269.89,1,0,Two year,Fiber,No,0
36,82.31,2908.26,2,0,Month-to-month,Fiber,No,1
13,54.49,633.67,1,0,One year,Fiber,No,0
53,30.45,1632.71,1,0,Two year,None,Yes,0
23,51.38,1202.99,4,1,One year,Fiber,Yes,1
5,68.63,175.75,5,0,Month-to-month,DSL,No,1
54,99.14,5434.12,3,2,Month-to-month,DSL,Yes,0
66,44.09,2911.25,1,1,Month-to-month,Fiber,Yes,1
2,67.89,171.54,2,3,One year,Fiber,Yes,1
32,86.88,2854.6,1,1,Two year,Fiber,Yes,0
60,20.0,1123.3,2,1,Month-to-month,DSL,Yes,0
51,95.84,5013.97,1,0,Month-to-month,DSL,No,0
62,40.44,2493.02,2,0,Month-to-month,Fiber,Yes,0
30,78.3,2500.25,2,0,One year,None,Yes,0
27,76.17,1967.12,2,0,One year,Fiber,No,0
52,97.11,5193.79,1,0,Month-to-month,Fiber,No,0
12,83.77,914.88,1,1,One year,Fiber,No,0
18,20.0,614.88,1,0,Month-to-month,Fiber,No,0
44,50.38,2121.56,2,0,One year,Fiber,Yes,0
49,73.46,3704.96,1,1,Month-to-month,DSL,Yes,0
9,65.13,549.89,3,3,Month-to-month,Fiber,Yes,1
37,81.94,3103.29,1,1,One year,Fiber,Yes,0
27,89.73,2418.77,1,1,One year,None,No,0
37,85.21,3043.69,5,1,Month-to-month,Fiber,No,0
70,64.64,4245.34,3,0,One year,DSL,Yes,0
6,23.84,393.81,4,0,Month-to-month,Fiber,Yes,1
72,58.61,4227.44,1,1,Month-to-month,Fiber,No,1
33,80.41,2359.15,2,0,Two year,DSL,Yes,0
56,42.74,2423.63,1,1,Two year,None,Yes,0
31,85.78,2728.2,2,1,Month-to-month,DSL,Yes,0
23,92.71,2060.82,2,0,Two year,None,Yes,0
56,73.17,4026.78,0,1,One year,Fiber,Yes,0
50,20.0,998.02,3,3,Month-to-month,DSL,Yes,0
11,38.05,538.79,2,0,Month-to-month,Fiber,Yes,1
51,117.15,5984.89,0,1,Month-to-month,Fiber,Yes,1
55,56.34,3244.83,2,1,One year,Fiber,Yes,1
28,20.4,684.22,3,1,Two year,Fiber,Yes,0
67,100.88,6736.16,1,2,Month-to-month,DSL,Yes,0
47,70.33,3148.64,2,0,Month-to-month,None,Yes,0
25,97.62,2417.92,1,0,Month-to-month,Fiber,No,1
1,76.92,129.57,0,0,Month-to-month,DSL,No,0
49,81.46,3997.72,1,0,Two year,Fiber,Yes,0
16,79.08,1328.65,0,1,Month-to-month,DSL,Yes,1
55,87.44,4895.39,3,0,One year,DSL,Yes,0
38,126.94,4876.64,2,1,Month-to-month,Fiber,Yes,1
34,94.28,3177.82,0,0,One year,Fiber,No,0
12,30.49,417.89,0,1,One year,Fiber,No,0
52,81.17,4444.21,1,1,One year,None,Yes,1
12,98.54,1033.46,2,3,Month-to-month,DSL,Yes,1
31,100.07,3150.82,1,0,One year,None,Yes,1
61,59.33,3802.63,0,3,One year,DSL,Yes,1
67,99.12,6523.82,3,1,One year,DSL,Yes,0
72,93.19,6810.05,0,2,One year,DSL,Yes,0
69,130.0,9083.47,1,1,Two year,DSL,Yes,0
41,51.25,1953.56,2,0,Month-to-month,Fiber,No,0
15,57.31,930.96,3,0,Month-to-month,Fiber,No,1
61,62.35,3776.04,0,2,Two year,Fiber,Yes,0
58,57.74,3343.13,0,2,Month-to-month,Fiber,No,1
72,47.75,3405.47,1,2,Two year,DSL,No,1
47,20.0,1071.27,0,2,One year,Fiber,Yes,0
11,59.13,639.25,1,1,Two year,Fiber,No,0
37,79.23,2885.32,0,1,One year,Fiber,No,0
33,57.67,1858.45,2,0,Two year,Fiber,Yes,1
61,118.38,7187.36,1,0,One year,DSL,Yes,0
29,70.33,1931.74,3,1,Month-to-month,Fiber,Yes,0
24,102.28,2407.4,2,0,Month-to-month,None,No,0
6,76.54,470.98,0,1,Month-to-month,DSL,No,1
61,90.66,5570.71,2,1,Month-to-month,Fiber,Yes,0
55,76.98,4354.36,2,0,Two year,None,Yes,0
3,104.22,336.76,1,3,Month-to-month,Fiber,Yes,1
32,71.4,2237.3,3,0,One year,Fiber,No,0
35,82.4,2783.0,2,1,Month-to-month,Fiber,Yes,1
34,79.16,2720.83,2,1,Month-to-month,Fiber,Yes,1
67,62.79,4195.38,2,1,Two year,Fiber,Yes,0
11,80.12,872.94,4,0,Month-to-month,Fiber,No,1
23,125.86,2921.03,2,0,One year,DSL,Yes,0
14,63.24,937.3,0,1,Month-to-month,None,Yes,1
18,80.49,1475.73,2,1,Month-to-month,Fiber,Yes,1
66,101.44,6678.28,2,1,Month-to-month,Fiber,Yes,1
68,98.51,6618.29,4,1,One year,None,Yes,0
4,70.29,219.89,1,0,Month-to-month,Fiber,Yes,1
46,20.0,1004.83,2,0,Two year,None,No,0
17,82.92,1367.24,1,0,One year,DSL,Yes,0
14,20.0,145.4,1,1,Month-to-month,DSL,Yes,1
22,106.75,2464.42,1,2,Month-to-month,Fiber,Yes,1
14,74.24,945.08,1,1,Month-to-month,Fiber,Yes,0
36,94.99,3423.23,2,0,One year,Fiber,Yes,0
72,47.45,3465.32,2,0,Month-to-month,Fiber,Yes,0
43,31.19,1341.38,1,0,Month-to-month,Fiber,Yes,0
53,76.52,3807.69,3,0,Month-to-month,DSL,Yes,0
36,69.16,2528.81,0,3,Month-to-month,Fiber,No,1
2,57.71,248.07,1,1,One year,Fiber,Yes,1
7,72.12,583.47,3,0,Month-to-month,DSL,Yes,1
20,130.0,2387.6,2,1,Month-to-month,DSL,No,1
18,90.86,1848.26,0,0,Month-to-month,Fiber,Yes,1
61,96.24,5737.9,0,2,One year,Fiber,No,0
61,91.1,5449.16,2,0,One year,Fiber,Yes,0
62,106.99,6711.35,0,0,Month-to-month,Fiber,Yes,0
46,65.25,3046.7,1,1,Month-to-month,Fiber,No,0
41,20.0,828.03,2,0,One year,DSL,Yes,0
47,65.29,3011.47,0,0,Month-to-month,Fiber,No,1
30,90.29,2841.89,1,2,One year,DSL,Yes,1
49,45.75,2238.06,0,1,Month-to-month,Fiber,Yes,0
58,65.59,3647.69,2,1,Month-to-month,DSL,Yes,0
55,52.71,3022.05,1,0,Month-to-month,Fiber,Yes,1
45,107.55,4861.71,2,0,Month-to-month,Fiber,Yes,0
5,88.74,555.18,1,3,One year,Fiber,No,1
53,86.29,4630.55,2,0,Month-to-month,Fiber,Yes,1
27,85.54,2548.74,1,1,Month-to-month,None,No,1
54,69.07,3698.72,1,0,Month-to-month,Fiber,Yes,1
39,74.94,2924.23,0,1,Month-to-month,DSL,Yes,0
64,40.37,2655.69,2,1,One year,DSL,Yes,0
25,20.0,469.62,1,0,One year,DSL,Yes,0
68,73.75,5095.4,1,1,Two year,DSL,Yes,0
61,78.1,4469.34,0,2,Month-to-month,DSL,No,1
24,100.23,2398.28,3,0,Month-to-month,Fiber,No,1
35,109.28,3814.62,3,1,Month-to-month,Fiber,Yes,1
39,109.25,4246.83,2,1,Two year,Fiber,Yes,1
56,45.05,2435.07,2,1,Month-to-month,DSL,Yes,1
50,61.19,3150.28,6,2,Month-to-month,Fiber,Yes,1
62,82.01,5034.07,1,0,One year,DSL,No,0
27,130.0,3530.03,0,1,Month-to-month,Fiber,Yes,0
37,107.0,3955.38,3,0,Month-to-month,Fiber,Yes,1
32,97.98,3185.55,4,1,Month-to-month,DSL,Yes,0
66,60.31,4123.25,1,1,One year,DSL,No,0
22,47.92,1073.75,0,0,One year,None,No,0
43,89.72,3942.22,1,0,Month-to-month,Fiber,No,0
9,42.48,396.84,0,2,One year,Fiber,Yes,1
62,64.04,3919.82,1,1,Month-to-month,DSL,Yes,0
28,67.13,1865.5,1,1,Month-to-month,DSL,Yes,1
25,109.82,2717.22,1,2,Two year,Fiber,No,0
42,61.13,2624.38,0,0,One year,None,Yes,0
36,20.0,730.67,0,0,Two year,DSL,No,0
62,82.61,5042.46,1,0,One year,DSL,Yes,0
39,52.52,2026.26,1,1,Month-to-month,None,Yes,0
38,71.07,2547.91,1,2,Month-to-month,Fiber,Yes,1
8,67.83,524.2,2,0,Month-to-month,DSL,Yes,0
2,63.16,126.45,1,0,Month-to-month,Fiber,No,0
29,89.76,2783.84,1,2,Month-to-month,Fiber,No,1
72,31.68,2415.69,1,1,Month-to-month,None,Yes,1
67,57.07,3720.59,3,0,Month-to-month,DSL,Yes,0
46,87.1,4026.82,2,2,Two year,Fiber,No,0
46,54.65,2535.73,3,3,Month-to-month,DSL,Yes,1
29,29.78,840.57,0,0,Month-to-month,Fiber,No,1
13,86.71,1110.61,2,0,One year,Fiber,No,0
1,98.08,62.68,0,1,One year,Fiber,Yes,1
25,68.88,1909.15,1,0,Month-to-month,Fiber,Yes,0
23,20.98,440.9,1,0,One year,Fiber,Yes,0
14,87.65,1261.18,0,0,One year,DSL,Yes,1
19,28.5,288.65,0,1,Two year,DSL,No,0
2,77.72,237.8,0,0,Month-to-month,DSL,Yes,0
44,47.81,2222.22,2,0,Month-to-month,Fiber,Yes,0
67,41.0,2642.07,3,2,One year,DSL,Yes,0
50,58.95,2896.42,2,0,Month-to-month,Fiber,No,0
33,65.42,2203.93,2,0,One year,Fiber,Yes,0
31,53.89,1672.68,1,1,One year,None,Yes,1
23,84.72,1995.14,1,2,One year,Fiber,No,1
11,58.85,618.61,3,0,Two year,Fiber,Yes,0
44,94.5,4344.54,2,0,One year,Fiber,Yes,0
41,77.03,3091.23,1,1,Two year,None,Yes,0
1,52.56,321.72,1,1,One year,Fiber,Yes,1
30,48.35,1574.74,2,1,Month-to-month,DSL,No,0
21,28.81,688.28,3,0,One year,DSL,No,0
13,77.27,900.44,1,1,One year,None,No,1
51,61.14,3208.87,3,0,Two year,Fiber,No,0
38,20.0,820.39,1,0,Month-to-month,Fiber,Yes,0
46,56.61,2391.97,0,1,Month-to-month,Fiber,Yes,0
52,47.47,2328.2,3,3,Two year,Fiber,No,0
71,109.39,7802.59,1,1,Month-to-month,Fiber,Yes,1
58,27.43,1577.64,2,2,One year,None,No,0
45,33.97,1476.83,2,0,Month-to-month,None,Yes,0
64,97.75,6363.85,2,2,Month-to-month,Fiber,Yes,0
35,103.92,3548.79,2,1,Month-to-month,DSL,No,0
71,51.38,3602.13,0,2,Two year,DSL,No,0
55,54.2,2916.18,2,2,Month-to-month,Fiber,Yes,0
47,85.41,4065.09,4,0,One year,Fiber,Yes,0
66,20.0,1148.05,1,0,One year,Fiber,Yes,0
38,23.47,842.1,1,0,One year,Fiber,Yes,0
52,62.98,3102.77,0,1,Month-to-month,DSL,No,1
21,108.75,2252.4,1,1,Month-to-month,Fiber,Yes,0
70,59.11,4209.78,0,2,Two year,Fiber,No,0
45,72.52,3337.64,1,1,Month-to-month,Fiber,Yes,0
57,98.34,5532.89,3,2,Month-to-month,DSL,Yes,1
34,122.67,4224.18,1,1,Two year,Fiber,No,0
63,55.58,3482.95,1,1,Month-to-month,Fiber,Yes,0
6,69.58,553.58,2,1,Month-to-month,Fiber,Yes,0
9,115.55,1026.97,1,0,Two year,Fiber,Yes,0
37,31.95,884.66,0,2,Month-to-month,None,No,0
53,95.69,5161.01,0,1,Month-to-month,DSL,Yes,1
59,44.54,2582.07,0,1,Month-to-month,DSL,Yes,0
32,72.56,2294.56,0,2,One year,Fiber,No,0
47,63.93,3038.51,2,0,Two year,DSL,No,0
40,46.05,1699.52,1,1,One year,Fiber,Yes,0
70,45.42,3187.04,1,0,Two year,DSL,Yes,0
48,76.91,3745.15,2,0,Month-to-month,DSL,Yes,0
31,94.89,2977.95,3,3,One year,Fiber,No,0
70,66.76,4613.07,0,0,Month-to-month,DSL,No,0
8,71.75,673.22,3,0,Two year,Fiber,No,1
71,84.28,5884.08,3,0,Two year,DSL,No,0
12,45.71,485.96,1,0,Month-to-month,DSL,Yes,0
21,88.49,1844.74,3,0,Two year,DSL,Yes,0
60,90.48,5458.56,1,1,One year,DSL,No,0
53,130.0,6857.55,1,0,Month-to-month,Fiber,No,1
70,60.6,4364.68,2,0,One year,Fiber,No,0
54,58.55,3191.12,1,0,Two year,None,Yes,0
46,89.22,4111.88,2,0,Month-to-month,DSL,No,1
25,90.48,2287.95,3,0,Month-to-month,DSL,No,1
1,56.62,129.91,2,0,Two year,DSL,No,1
9,59.92,563.37,3,1,Month-to-month,Fiber,Yes,1
22,83.53,1656.67,1,2,Month-to-month,DSL,Yes,0
3,49.31,256.88,2,2,One year,DSL,No,1
37,59.74,2222.22,3,0,One year,Fiber,No,0
56,72.24,4113.92,3,0,Month-to-month,Fiber,Yes,1
70,94.9,6602.3,1,0,Month-to-month,Fiber,Yes,0
36,54.89,1793.19,0,0,Two year,DSL,No,0
64,23.94,1304.29,1,1,Month-to-month,Fiber,No,0
71,22.09,1473.6,1,2,One year,DSL,Yes,0
62,38.51,2439.64,0,0,Two year,Fiber,Yes,0
34,37.17,1393.6,4,0,Month-to-month,Fiber,Yes,0
24,66.13,1617.43,2,0,Two year,DSL,Yes,0
71,40.28,2754.51,3,3,One year,Fiber,Yes,0
18,52.43,865.35,1,2,Two year,Fiber,Yes,1
30,50.65,1655.51,2,0,Month-to-month,Fiber,Yes,1
6,58.99,222.85,0,0,Month-to-month,DSL,Yes,0
58,103.06,6187.81,6,1,One year,Fiber,Yes,1
47,86.55,4255.39,1,1,Two year,DSL,No,0
7,70.4,706.29,0,1,Two year,Fiber,Yes,1
16,58.47,973.66,1,0,Month-to-month,DSL,No,0
40,59.17,2332.61,4,3,Month-to-month,DSL,Yes,0
39,78.19,3085.19,0,3,Month-to-month,Fiber,No,0
58,84.6,4997.9,1,1,One year,Fiber,No,1
20,47.31,881.11,1,2,Two year,Fiber,Yes,0
67,70.91,4640.98,0,1,One year,Fiber,No,0
33,20.0,631.61,0,0,Month-to-month,Fiber,No,1
60,75.29,4440.34,1,0,Two year,Fiber,Yes,0
18,89.05,1727.06,1,0,Month-to-month,DSL,No,0
3,63.0,127.35,1,1,Month-to-month,DSL,Yes,0
4,115.41,471.22,0,0,One year,Fiber,Yes,1
27,47.97,1393.47,3,2,Month-to-month,DSL,No,0
69,75.44,5333.07,1,0,One year,Fiber,Yes,0
4,69.1,297.27,1,1,One year,Fiber,Yes,0
27,67.49,1860.73,0,1,Month-to-month,DSL,Yes,1
8,67.14,435.44,1,0,Month-to-month,Fiber,No,1
68,72.68,5044.38,0,1,Month-to-month,Fiber,Yes,0
49,91.2,4595.1,0,1,One year,Fiber,Yes,1
55,104.44,5557.35,2,0,Month-to-month,None,No,1
52,69.94,3813.37,3,0,Month-to-month,DSL,No,0
48,90.38,4268.31,3,1,Month-to-month,DSL,Yes,0
56,52.46,2996.99,0,0,One year,DSL,No,0
1,89.15,96.91,0,0,Month-to-month,Fiber,Yes,1
63,50.95,3203.83,0,1,Month-to-month,DSL,Yes,1
54,97.27,5231.74,0,2,Month-to-month,Fiber,Yes,0
54,125.27,6665.11,1,1,Month-to-month,DSL,Yes,0
29,66.95,1993.87,2,2,Month-to-month,Fiber,No,0
58,20.0,1131.4,2,1,Month-to-month,Fiber,Yes,0
28,56.3,1445.41,5,1,One year,DSL,Yes,0
4,100.8,299.69,3,1,Month-to-month,Fiber,Yes,1
66,83.83,5403.33,3,2,Month-to-month,Fiber,Yes,1
17,76.22,1243.33,1,1,Two year,Fiber,No,0
8,95.22,810.24,3,2,Month-to-month,Fiber,Yes,1
45,82.11,3623.9,1,0,Month-to-month,Fiber,No,0
17,100.44,1805.08,2,0,Month-to-month,Fiber,Yes,1
62,92.99,5753.19,2,0,Month-to-month,Fiber,No,1
32,108.04,3428.42,3,1,Month-to-month,Fiber,No,1
1,78.97,80.65,2,0,Two year,Fiber,Yes,0
69,92.63,6531.09,1,1,Month-to-month,DSL,Yes,0
38,62.32,2231.1,2,0,One year,Fiber,No,0
19,54.96,1209.94,2,2,Two year,DSL,Yes,0
49,112.67,5616.81,5,2,Month-to-month,None,Yes,1
39,75.41,2938.63,2,1,One year,DSL,No,0
3,90.12,388.67,1,0,Month-to-month,Fiber,No,1
55,73.09,3987.9,2,2,Month-to-month,DSL,No,0
29,55.34,1633.34,0,1,Two year,DSL,No,0
51,70.27,3529.86,2,0,Month-to-month,DSL,Yes,1
65,105.9,6980.14,2,0,Two year,Fiber,No,0
44,83.88,3620.04,3,0,One year,DSL,Yes,0
49,27.21,1328.31,2,0,Month-to-month,DSL,No,0
19,64.62,1295.67,0,0,Month-to-month,DSL,No,1
18,114.56,2166.85,1,1,One year,DSL,Yes,1
30,64.66,1857.54,4,0,Month-to-month,None,No,0
62,24.99,1624.57,2,1,Month-to-month,Fiber,Yes,1
38,117.33,4360.2,1,1,Month-to-month,Fiber,Yes,1
26,87.06,2048.52,0,0,Month-to-month,Fiber,Yes,1
57,68.25,3815.43,0,0,Two year,Fiber,Yes,0
62,60.71,3847.77,0,1,Month-to-month,Fiber,Yes,1
65,97.06,6307.6,2,1,Month-to-month,DSL,No,1
22,56.45,1188.41,3,1,One year,Fiber,Yes,1
52,98.71,5138.28,5,1,One year,Fiber,No,1
43,83.55,3595.1,3,2,Two year,Fiber,Yes,0
33,76.12,2574.05,0,0,Two year,None,No,0
29,73.64,1974.33,1,0,Month-to-month,DSL,No,1
9,65.63,580.4,1,1,Month-to-month,None,Yes,0
20,96.14,1935.25,1,1,One year,None,Yes,1
40,48.37,1798.12,2,1,Month-to-month,DSL,No,0
64,29.45,1747.01,0,0,One year,DSL,Yes,0
63,85.36,5341.27,3,0,Month-to-month,Fiber,Yes,1
14,85.78,1201.79,1,1,Two year,DSL,Yes,0
49,82.01,4019.5,2,2,One year,Fiber,Yes,1
7,80.19,505.72,2,1,One year,DSL,No,1
49,61.99,2977.6,1,4,Month-to-month,DSL,No,0
25,89.69,2202.66,0,1,Two year,Fiber,No,0
33,68.86,2302.27,0,1,One year,Fiber,Yes,0
52,57.82,3131.21,1,0,Two year,Fiber,No,0
31,62.2,1706.24,4,0,Two year,Fiber,Yes,1
59,120.52,7172.74,0,0,Month-to-month,DSL,No,0
39,26.63,1027.28,2,0,Month-to-month,Fiber,Yes,0
72,82.49,5992.19,1,0,Month-to-month,DSL,Yes,0
46,28.02,1407.58,1,2,One year,DSL,No,0
22,67.29,1404.96,1,1,One year,DSL,No,0
56,59.16,3407.35,1,1,Month-to-month,Fiber,Yes,1
30,20.0,474.6,0,1,Two year,DSL,Yes,0
39,79.73,3122.07,2,0,Month-to-month,DSL,Yes,1
10,60.5,580.74,2,1,One year,Fiber,No,1
9,20.0,184.63,0,1,Month-to-month,DSL,No,0
42,90.99,3722.64,1,1,Month-to-month,None,No,0
14,105.88,1525.94,2,0,Month-to-month,Fiber,No,0
72,107.25,7880.85,3,0,One year,DSL,No,0
62,78.97,4799.2,0,0,One year,Fiber,Yes,1
51,71.15,3647.69,1,0,Month-to-month,Fiber,Yes,0
53,103.2,5555.39,2,0,Month-to-month,Fiber,No,0
43,112.06,4788.89,1,0,One year,Fiber,Yes,1
5,98.34,627.74,4,1,Month-to-month,Fiber,Yes,1
29,46.46,1304.42,3,2,One year,Fiber,Yes,0
36,75.03,2689.58,0,2,Month-to-month,Fiber,No,0
66,80.99,5245.89,1,0,Two year,Fiber,No,0
16,24.76,408.81,4,1,One year,DSL,Yes,0
36,81.73,2942.73,1,4,Month-to-month,DSL,No,0
25,126.82,3234.21,1,2,One year,DSL,Yes,1
10,86.0,796.36,1,1,Month-to-month,Fiber,Yes,1
8,106.84,786.48,1,0,Two year,DSL,Yes,1
27,74.57,2059.72,1,0,One year,None,Yes,0
6,68.17,548.74,2,1,Month-to-month,DSL,Yes,1
5,79.53,460.56,0,0,One year,Fiber,No,0
26,49.6,1474.45,3,0,Month-to-month,DSL,No,1
15,45.91,744.12,3,3,Two year,Fiber,Yes,1
40,101.66,4118.23,1,0,Two year,Fiber,No,0
2,104.31,276.55,1,1,One year,Fiber,No,1
22,45.22,1143.71,4,2,Month-to-month,Fiber,Yes,1
33,94.2,3232.36,2,0,One year,Fiber,Yes,0
70,67.83,4639.33,2,0,Month-to-month,DSL,Yes,1
46,78.5,3690.84,1,1,Month-to-month,Fiber,No,0
64,81.51,5242.89,1,2,Two year,Fiber,Yes,0
25,94.86,2352.07,1,0,Month-to-month,DSL,No,0
33,72.07,2200.95,0,1,Month-to-month,Fiber,No,0
31,105.25,3108.86,3,1,Month-to-month,Fiber,Yes,1
64,77.74,4938.61,2,1,Two year,DSL,Yes,1
70,85.6,5845.86,3,0,Two year,DSL,Yes,0
70,49.17,3407.41,5,2,Month-to-month,Fiber,Yes,0
55,123.97,6889.59,1,2,Month-to-month,Fiber,No,1
37,81.75,2966.49,0,0,Two year,Fiber,No,0
39,87.82,3433.52,2,1,Month-to-month,Fiber,Yes,1
71,29.8,2008.47,3,1,Two year,DSL,No,0
21,49.43,1067.96,0,0,Two year,DSL,Yes,0
25,100.95,2574.49,1,0,One year,DSL,Yes,0
65,77.17,4873.9,2,2,Month-to-month,DSL,Yes,0
28,22.16,545.17,2,0,One year,DSL,Yes,0
17,95.96,1504.56,0,0,Two year,DSL,Yes,0
41,56.41,2363.54,3,0,Month-to-month,Fiber,Yes,1
24,105.28,2543.19,2,1,Two year,Fiber,No,0
65,67.8,4402.3,0,0,Month-to-month,DSL,Yes,1
66,75.12,4944.94,1,0,Two year,Fiber,Yes,0
23,99.47,2320.18,1,1,One year,DSL,Yes,0
39,47.56,1889.23,2,1,Month-to-month,Fiber,Yes,0
71,45.18,3158.14,2,2,Month-to-month,None,Yes,0
54,65.09,3451.17,1,1,Month-to-month,Fiber,Yes,0
16,90.68,1444.97,3,2,Month-to-month,DSL,Yes,1
43,36.73,1560.33,1,0,Two year,DSL,No,0
45,28.3,1479.53,3,0,Month-to-month,Fiber,Yes,0
48,90.59,4310.08,0,1,Two year,DSL,Yes,0
2,54.93,138.82,0,0,Month-to-month,None,Yes,0
22,60.19,1370.87,3,0,One year,Fiber,Yes,0
62,23.58,1602.0,2,1,Two year,DSL,Yes,0
18,53.03,873.34,2,2,One year,Fiber,Yes,0
22,69.81,1669.8,0,0,Two year,Fiber,No,1
24,93.26,2223.49,0,0,Two year,Fiber,No,0
13,50.72,909.48,0,0,One year,None,No,0
12,111.43,1373.47,1,1,One year,None,Yes,0
25,52.89,1199.26,1,0,Month-to-month,DSL,Yes,0
63,52.92,3314.41,0,2,Month-to-month,DSL,Yes,0
1,108.43,242.06,1,1,Month-to-month,DSL,No,1
21,75.29,1589.17,2,2,Two year,Fiber,Yes,0
5,56.2,275.03,0,0,One year,Fiber,No,0
41,66.12,2782.89,2,0,One year,DSL,Yes,0
19,103.83,1938.21,2,1,Two year,None,Yes,0
58,106.66,6164.92,2,1,Month-to-month,DSL,Yes,0
43,49.58,2037.48,5,0,Two year,Fiber,Yes,0
57,68.94,4102.41,3,0,Month-to-month,Fiber,No,0
46,72.25,3201.42,3,0,Month-to-month,DSL,Yes,1
32,45.34,1467.95,3,0,One year,DSL,Yes,1
62,68.61,4301.68,3,2,Month-to-month,DSL,Yes,1
35,70.13,2453.29,1,1,One year,None,No,0
69,98.51,6671.48,1,1,One year,Fiber,Yes,0
72,100.19,7113.49,4,1,Two year,Fiber,Yes,0
43,61.77,2708.35,1,0,Month-to-month,Fiber,Yes,0
49,64.65,3089.92,2,1,Month-to-month,Fiber,Yes,0
19,86.61,1438.34,3,1,Month-to-month,None,Yes,1
59,55.37,3305.54,0,1,Month-to-month,Fiber,Yes,0
49,84.72,4063.83,0,2,Month-to-month,Fiber,Yes,1
65,67.8,4470.27,3,0,Month-to-month,Fiber,Yes,0
20,45.77,895.14,1,1,Two year,DSL,Yes,0
57,46.08,2601.53,1,1,Two year,DSL,No,0
34,106.18,3615.22,1,2,Two year,DSL,Yes,1
14,66.09,811.4,3,0,Month-to-month,Fiber,Yes,0
13,111.01,1360.57,3,0,One year,Fiber,No,1
41,57.16,2317.53,2,1,Month-to-month,Fiber,No,1
24,77.28,1740.29,1,1,Month-to-month,DSL,Yes,0
8,129.82,1109.92,1,1,Month-to-month,Fiber,No,1
31,43.57,1319.79,1,0,Two year,Fiber,Yes,0
48,22.55,937.68,1,0,One year,Fiber,No,0
23,102.16,2293.89,1,1,Month-to-month,None,Yes,1
69,49.33,3413.87,0,0,One year,DSL,No,0
57,69.48,3915.88,3,0,Two year,DSL,Yes,0
37,55.35,2088.01,0,2,Month-to-month,Fiber,Yes,0
68,76.7,5273.28,0,0,Two year,DSL,No,0
32,46.24,1719.74,3,0,Month-to-month,Fiber,Yes,0
11,65.5,835.58,2,0,Month-to-month,Fiber,Yes,0
3,81.25,80.1,1,2,Two year,DSL,Yes,1
68,44.79,3009.85,2,2,Month-to-month,None,Yes,0
70,52.5,3648.19,3,1,One year,DSL,Yes,0
54,61.32,3368.54,0,0,Month-to-month,Fiber,Yes,1
8,34.28,180.88,2,1,One year,Fiber,Yes,0
22,59.44,1254.47,1,1,One year,Fiber,Yes,0
3,72.97,94.47,1,0,Two year,DSL,No,0
4,60.01,179.82,1,2,Two year,None,Yes,0
18,63.22,1081.38,1,0,One year,None,Yes,0
42,69.5,2887.8,0,0,Month-to-month,Fiber,Yes,0
5,53.61,149.38,0,1,Month-to-month,Fiber,Yes,0
71,87.28,6294.84,3,2,One year,Fiber,No,0
33,105.9,3541.9,1,1,Month-to-month,Fiber,No,0
19,58.39,964.54,1,3,Month-to-month,Fiber,No,0
38,82.13,3123.54,4,1,Two year,Fiber,No,1
57,64.01,3492.02,0,3,Month-to-month,Fiber,Yes,0
23,79.14,1954.38,0,0,Month-to-month,Fiber,No,0
4,109.14,597.99,3,2,Two year,DSL,Yes,1
4,82.72,325.29,3,0,One year,None,No,0
62,25.66,1505.94,0,2,One year,DSL,Yes,0
9,81.35,665.72,0,0,Month-to-month,DSL,Yes,1
46,100.82,4592.42,2,1,Month-to-month,None,No,0
28,64.46,1794.2,1,1,One year,DSL,Yes,0
56,94.89,5450.94,1,1,Month-to-month,DSL,No,0
5,52.75,359.3,0,3,One year,Fiber,No,1
65,32.86,2233.1,2,2,Month-to-month,Fiber,No,1
51,73.53,3767.05,0,1,Month-to-month,DSL,Yes,0
33,26.09,745.55,1,0,Month-to-month,Fiber,Yes,1
15,64.01,883.08,0,1,Month-to-month,DSL,No,0
71,102.17,7260.22,0,2,Month-to-month,Fiber,Yes,1
22,22.26,369.52,3,0,One year,DSL,Yes,0
36,38.01,1398.85,3,1,One year,DSL,No,0
29,44.2,1362.29,1,1,Month-to-month,None,No,0
17,68.42,1217.62,2,1,One year,Fiber,No,0
30,60.86,1876.23,3,1,Month-to-month,Fiber,Yes,1
11,104.98,968.13,2,0,Month-to-month,None,Yes,0
1,93.86,227.19,3,0,Two year,None,No,0
21,82.38,1573.28,2,1,One year,Fiber,Yes,0
9,73.64,647.49,0,0,One year,DSL,Yes,0
30,79.83,2456.78,0,0,Month-to-month,Fiber,Yes,1
63,48.45,3088.24,1,0,Month-to-month,Fiber,No,1
12,91.43,969.38,1,0,One year,DSL,Yes,0
1,42.2,0.0,1,1,One year,Fiber,Yes,0
8,90.88,755.78,4,1,One year,DSL,Yes,0
37,99.65,3738.27,0,1,Two year,Fiber,Yes,0
20,75.27,1394.71,0,2,Month-to-month,Fiber,No,1
36,65.59,2400.67,1,1,Two year,Fiber,Yes,0
3,80.01,88.5,1,1,One year,DSL,Yes,1
24,20.0,542.44,4,0,Month-to-month,DSL,Yes,0
30,77.56,2238.31,0,0,Month-to-month,Fiber,Yes,0
32,67.17,2157.37,2,0,One year,Fiber,Yes,0
40,68.73,2740.63,2,1,Month-to-month,Fiber,No,1
57,87.66,5112.87,1,1,One year,Fiber,Yes,0
34,68.13,2340.66,4,1,One year,Fiber,Yes,1
61,41.49,2471.27,0,1,Month-to-month,Fiber,Yes,0
39,66.46,2628.09,2,0,Month-to-month,Fiber,No,1
19,71.69,1576.33,0,0,One year,DSL,No,0
17,72.87,1312.86,2,1,Month-to-month,None,Yes,1
24,74.05,1771.23,0,2,Two year,Fiber,Yes,0
44,95.98,4139.94,0,0,Month-to-month,Fiber,Yes,0
18,42.85,709.64,2,0,Two year,DSL,No,0
66,74.39,4977.91,2,0,Month-to-month,Fiber,No,0
35,102.25,3490.11,1,1,Month-to-month,Fiber,No,1
63,26.63,1678.26,1,0,One year,Fiber,No,0
50,74.49,3868.32,2,0,Month-to-month,Fiber,Yes,0
25,55.37,1399.18,3,1,Month-to-month,Fiber,Yes,1
17,60.73,924.53,1,2,Month-to-month,DSL,Yes,0
54,47.38,2776.29,0,1,One year,Fiber,No,0
24,65.76,1754.51,0,2,One year,DSL,Yes,0
18,116.03,2138.68,0,1,Month-to-month,Fiber,Yes,1
67,38.39,2699.65,3,2,Month-to-month,DSL,Yes,0
35,40.76,1399.89,2,0,Month-to-month,DSL,Yes,0
4,37.45,222.25,2,1,Two year,Fiber,No,0
36,113.19,4032.32,2,0,Month-to-month,DSL,Yes,0
34,58.44,1851.47,2,0,One year,None,No,0
63,69.36,4628.81,4,0,Month-to-month,DSL,Yes,0
52,59.93,2975.73,1,1,One year,Fiber,No,1
14,46.39,679.21,3,1,Two year,DSL,No,1
11,64.12,733.92,2,0,Month-to-month,Fiber,No,1
44,130.0,5771.6,0,0,One year,None,No,0
4,104.8,410.24,1,1,Month-to-month,Fiber,Yes,1
23,48.68,1111.64,0,0,One year,Fiber,Yes,1
10,86.19,875.73,0,0,Month-to-month,Fiber,No,1
2,49.21,146.41,1,0,Month-to-month,Fiber,No,1
67,25.59,1714.4,2,0,Month-to-month,DSL,No,0
7,95.49,661.58,0,0,Month-to-month,Fiber,No,1
1,99.0,0.0,0,1,Two year,Fiber,Yes,1
68,96.15,6739.66,1,0,One year,Fiber,Yes,0
14,58.25,869.12,2,2,Month-to-month,DSL,No,1
59,65.83,3904.9,1,2,Month-to-month,Fiber,Yes,1
3,88.74,203.79,2,0,One year,None,No,1
12,79.79,857.09,3,3,Month-to-month,Fiber,Yes,1
8,60.16,567.27,1,1,Month-to-month,Fiber,No,0
51,29.52,1489.7,0,2,One year,None,No,0
45,72.85,3340.22,0,0,Month-to-month,DSL,Yes,0
35,96.98,3258.92,2,2,Month-to-month,Fiber,No,1
18,40.06,875.77,0,1,Month-to-month,Fiber,Yes,1
7,85.97,691.92,2,0,Month-to-month,Fiber,Yes,1
41,78.29,3201.72,4,0,One year,None,No,0
17,88.75,1555.58,0,1,One year,Fiber,Yes,0
43,91.8,4021.47,1,1,Two year,DSL,Yes,0
50,52.64,2498.22,1,2,Month-to-month,Fiber,No,1
62,29.58,2001.5,5,0,One year,DSL,No,0
36,56.66,2088.16,1,0,Two year,None,Yes,0
1,92.23,21.82,2,0,One year,DSL,No,1
21,56.45,1075.79,0,2,Two year,Fiber,Yes,0
62,52.65,3362.94,1,1,Two year,Fiber,Yes,0
39,24.47,975.3,1,0,Two year,DSL,No,0
45,113.82,5169.99,2,0,Two year,DSL,Yes,0
33,90.64,2993.88,0,0,One year,Fiber,No,0
12,89.25,970.69,3,1,Month-to-month,DSL,No,1
65,94.19,6173.42,5,1,Two year,None,No,0
56,84.42,4707.64,2,1,Two year,None,No,0
72,63.89,4598.04,6,1,Month-to-month,DSL,Yes,1
62,65.91,4323.87,0,0,Month-to-month,Fiber,No,0
21,59.31,1332.44,2,0,Month-to-month,DSL,Yes,0
19,130.0,2562.68,2,1,Two year,DSL,Yes,0
18,83.9,1782.21,2,0,Month-to-month,DSL,Yes,1
67,58.4,3951.59,3,1,Month-to-month,Fiber,No,1
41,81.64,3359.1,1,1,Month-to-month,Fiber,Yes,1
33,44.73,1408.11,0,0,Month-to-month,DSL,Yes,0
70,107.61,7487.63,1,2,Two year,Fiber,Yes,0
44,53.47,2148.11,2,0,Month-to-month,Fiber,Yes,0
66,82.53,5525.83,4,1,Month-to-month,Fiber,No,1
71,96.65,6735.42,0,1,Month-to-month,Fiber,Yes,0
6,79.62,567.99,0,0,One year,Fiber,No,1
27,72.36,1949.46,3,2,One year,Fiber,No,0
53,70.27,3737.12,0,1,Month-to-month,DSL,Yes,0
59,68.59,4042.51,2,2,Month-to-month,Fiber,Yes,0
11,55.58,750.02,1,0,Two year,DSL,Yes,0
23,58.76,1472.49,0,1,One year,Fiber,Yes,1
40,106.99,4276.7,1,3,One year,Fiber,Yes,1
58,67.29,3812.72,2,2,Month-to-month,DSL,Yes,1
9,50.36,545.58,1,0,Two year,DSL,No,0
44,57.09,2414.62,0,0,One year,Fiber,Yes,0
22,97.51,1989.72,3,0,Month-to-month,Fiber,Yes,0
16,86.89,1440.08,3,2,Two year,Fiber,Yes,1
38,84.01,3314.16,1,1,Two year,Fiber,No,0
30,63.56,1866.35,2,0,One year,DSL,Yes,0
46,84.33,3919.82,3,0,One year,DSL,No,1
23,53.91,1198.38,2,1,Month-to-month,Fiber,Yes,1
60,63.51,3882.78,1,2,Month-to-month,Fiber,No,0
6,94.25,674.97,6,1,Month-to-month,Fiber,Yes,1
63,91.86,5760.7,0,0,One year,DSL,Yes,0
3,45.45,33.6,3,1,Month-to-month,DSL,Yes,1
53,48.61,2430.72,1,0,Month-to-month,Fiber,Yes,1
25,72.72,1910.51,1,0,Two year,Fiber,No,1
28,113.15,3054.64,1,0,Month-to-month,Fiber,Yes,0
2,22.11,81.42,1,1,Two year,DSL,Yes,0
51,76.96,4002.62,1,2,Month-to-month,Fiber,Yes,1
12,35.6,377.06,1,0,Month-to-month,Fiber,Yes,0
48,54.14,2582.18,2,1,Month-to-month,Fiber,No,0
53,60.89,3327.04,1,0,Month-to-month,Fiber,Yes,1
61,59.49,3547.91,0,1,Month-to-month,Fiber,No,0
51,56.66,2798.44,1,1,Month-to-month,Fiber,No,1
22,70.18,1520.52,3,1,One year,Fiber,Yes,1
54,56.62,3185.2,1,1,Month-to-month,Fiber,Yes,1
60,33.44,2167.39,0,0,Month-to-month,Fiber,Yes,0
23,89.5,2048.55,3,2,Month-to-month,DSL,Yes,1
9,88.82,728.18,0,0,Month-to-month,None,No,1
65,91.08,6026.57,1,1,Month-to-month,DSL,Yes,0
11,31.48,179.37,2,2,Month-to-month,DSL,Yes,1
43,77.47,3356.1,0,0,One year,Fiber,No,0
18,86.9,1559.8,1,2,One year,DSL,Yes,0
10,44.22,571.58,0,1,Two year,None,No,0
56,70.23,4072.34,2,0,One year,Fiber,No,1
11,67.09,643.77,1,1,Month-to-month,DSL,Yes,0
49,116.05,5703.4,2,0,Month-to-month,DSL,Yes,0
50,118.11,5848.56,0,1,Month-to-month,DSL,Yes,1
5,28.39,112.62,2,0,One year,DSL,No,0
13,130.0,1751.74,4,1,Month-to-month,DSL,Yes,1
58,47.12,2699.43,1,1,Month-to-month,DSL,No,0
37,94.52,3516.52,2,0,Two year,DSL,No,0
9,94.26,944.09,4,1,Month-to-month,Fiber,Yes,1
72,45.11,3399.27,0,3,Month-to-month,DSL,No,0
20,82.33,1675.5,1,0,Two year,DSL,Yes,0
1,67.31,79.09,2,1,Month-to-month,DSL,Yes,1
67,83.86,5507.77,1,2,Month-to-month,DSL,No,0
2,75.77,310.11,0,0,Month-to-month,DSL,Yes,1
40,99.91,4045.91,3,1,Month-to-month,DSL,No,1
72,71.88,5189.34,0,0,Two year,Fiber,No,0
42,65.8,2772.24,0,2,One year,None,Yes,0
43,97.4,4224.33,0,0,Month-to-month,DSL,Yes,1
28,84.51,2443.46,3,3,Month-to-month,DSL,Yes,0
10,88.3,972.51,1,3,Month-to-month,Fiber,Yes,1
42,53.39,2403.26,2,0,One year,Fiber,No,0
65,43.87,2875.72,1,1,Month-to-month,DSL,Yes,0
7,55.81,566.07,3,0,Month-to-month,Fiber,No,0
64,54.48,3592.46,1,1,One year,Fiber,Yes,0
30,89.65,2683.64,2,2,Two year,None,Yes,0
39,94.4,3514.85,2,0,Two year,None,Yes,0
12,66.12,802.02,1,1,Two year,Fiber,Yes,1
45,105.77,4915.63,1,1,Month-to-month,Fiber,Yes,1
14,104.21,1381.44,0,0,One year,Fiber,Yes,0
20,76.08,1529.95,2,1,Two year,Fiber,Yes,0
52,49.45,2588.06,0,1,Month-to-month,Fiber,Yes,0
4,109.38,531.75,2,0,Month-to-month,DSL,Yes,1
33,68.47,2220.88,1,1,Month-to-month,DSL,Yes,1
43,73.15,3058.69,0,1,Two year,Fiber,Yes,0
10,61.51,672.1,2,2,Two year,Fiber,Yes,1
22,47.76,976.28,1,0,Two year,Fiber,No,1
25,33.28,648.55,3,0,Month-to-month,DSL,Yes,0
48,85.82,4303.48,2,1,Two year,Fiber,Yes,1
71,50.41,3672.17,2,1,Month-to-month,DSL,Yes,1
61,130.0,8118.34,1,2,Month-to-month,Fiber,Yes,1
14,42.85,687.28,1,1,One year,Fiber,No,0
2,38.57,145.17,2,1,One year,DSL,No,1
4,82.75,367.97,2,1,Two year,Fiber,No,1
43,108.23,4635.41,1,0,Month-to-month,DSL,Yes,0
12,71.61,910.59,2,0,Month-to-month,DSL,Yes,1
17,84.31,1377.88,1,2,Month-to-month,Fiber,Yes,0
62,23.91,1375.58,1,0,Month-to-month,DSL,No,0
63,53.06,3309.7,1,0,Two year,Fiber,Yes,0
61,43.16,2761.89,1,2,Month-to-month,Fiber,Yes,1
19,22.62,306.61,3,2,Month-to-month,DSL,Yes,1
45,72.92,3159.95,1,1,Month-to-month,Fiber,No,1
44,20.0,939.13,1,1,One year,Fiber,Yes,0
14,36.95,475.72,1,0,Two year,Fiber,Yes,0
40,56.57,2311.36,2,0,Month-to-month,Fiber,No,0
38,49.22,1969.26,0,0,Month-to-month,Fiber,Yes,0
29,79.91,2363.55,2,0,Two year,None,No,0
55,77.64,4206.95,0,2,One year,DSL,Yes,0
49,92.34,4653.2,0,0,Month-to-month,DSL,No,0
39,88.81,3537.79,2,1,Month-to-month,Fiber,No,0
53,98.52,5224.26,0,0,Two year,DSL,Yes,0
55,69.95,3845.2,1,1,One year,Fiber,No,1
41,77.59,3218.45,1,0,Month-to-month,Fiber,Yes,1
20,82.79,1624.56,4,2,Month-to-month,DSL,Yes,1
55,73.54,3881.66,0,2,Month-to-month,Fiber,Yes,0
52,60.07,3198.66,2,1,Month-to-month,DSL,Yes,0
71,61.69,4448.99,1,1,Month-to-month,DSL,Yes,1
11,49.56,315.06,0,0,Month-to-month,Fiber,Yes,1
31,80.54,2547.82,4,0,Month-to-month,Fiber,No,0
67,67.65,4708.17,0,1,Month-to-month,Fiber,No,0
38,53.42,1917.22,2,1,Month-to-month,DSL,Yes,1
68,53.44,3626.85,0,2,Month-to-month,Fiber,Yes,0
1,39.74,21.54,2,2,Two year,Fiber,Yes,0
3,94.47,449.45,4,0,Month-to-month,Fiber,Yes,1
58,71.97,4286.09,3,1,Two year,DSL,No,0
26,48.43,1171.34,1,0,Two year,Fiber,No,0
38,90.21,3462.33,5,1,Two year,Fiber,Yes,0
31,55.99,1965.92,3,1,Month-to-month,Fiber,Yes,1
30,34.84,982.65,3,1,Month-to-month,DSL,Yes,1
68,95.53,6494.96,0,0,One year,Fiber,Yes,0
7,56.57,447.36,1,0,Month-to-month,Fiber,Yes,0
56,59.78,3286.54,1,1,Month-to-month,Fiber,Yes,0
65,71.03,4793.24,1,0,Month-to-month,Fiber,Yes,1
48,98.56,4683.84,0,0,One year,DSL,Yes,0
29,70.5,1905.62,1,1,Two year,Fiber,No,0
12,40.02,427.77,0,1,Month-to-month,Fiber,No,1
50,83.6,4245.15,1,0,Two year,Fiber,Yes,0
34,57.88,1887.94,1,0,One year,None,Yes,0
11,117.2,1319.4,2,0,Month-to-month,Fiber,No,0
26,69.97,1875.53,1,1,Month-to-month,DSL,Yes,0
70,20.0,1279.11,2,0,Month-to-month,Fiber,No,0
20,78.93,1522.31,4,0,Two year,None,Yes,0
13,118.61,1576.89,2,0,One year,DSL,No,0
50,109.4,5540.14,1,0,One year,Fiber,Yes,0
15,115.77,1682.73,1,0,One year,DSL,No,1
67,44.51,2997.08,1,0,Month-to-month,Fiber,Yes,0
62,92.8,5725.44,1,2,Two year,Fiber,No,1
71,51.95,3761.24,3,0,Two year,None,Yes,0
66,75.61,5042.02,0,3,One year,Fiber,Yes,0
18,38.18,649.82,1,3,Month-to-month,DSL,No,0
16,53.89,910.06,1,2,Month-to-month,Fiber,Yes,1
25,53.09,1286.09,6,0,Month-to-month,None,Yes,1
34,92.46,3189.51,4,1,Month-to-month,DSL,Yes,1
64,90.02,5808.28,6,0,One year,DSL,No,1
53,76.92,4313.89,1,0,One year,Fiber,No,0
47,36.24,1669.63,1,0,Two year,Fiber,Yes,0
64,62.21,3967.25,1,0,Month-to-month,DSL,No,0
47,51.35,2348.59,3,1,Month-to-month,DSL,No,0
28,91.74,2465.49,0,1,Month-to-month,DSL,No,1
30,99.45,2937.99,4,3,Two year,Fiber,Yes,1
38,96.41,3730.08,4,0,One year,Fiber,Yes,1
7,51.12,431.58,0,2,Month-to-month,Fiber,Yes,0
54,20.0,1109.57,1,1,One year,Fiber,Yes,0
47,25.83,1184.24,2,0,One year,DSL,Yes,0
53,105.54,5544.32,0,1,Month-to-month,Fiber,No,1
39,59.97,2247.09,2,0,Month-to-month,Fiber,Yes,1
57,51.23,2864.53,1,1,Month-to-month,Fiber,Yes,0
69,111.07,7534.08,3,3,Month-to-month,Fiber,Yes,1
42,101.63,4404.2,1,0,One year,Fiber,Yes,0
32,70.61,2443.27,1,0,Month-to-month,None,No,0
8,62.66,307.73,0,1,One year,DSL,Yes,0
57,66.7,3830.68,2,1,One year,DSL,No,0
66,75.68,5022.09,0,0,Month-to-month,Fiber,Yes,0
51,110.0,5630.94,1,2,Two year,Fiber,Yes,0
63,80.56,5016.11,2,1,Month-to-month,DSL,No,1
63,88.15,5655.75,1,1,One year,Fiber,No,0
58,99.23,5796.49,4,1,Month-to-month,Fiber,Yes,0
37,40.76,1611.46,5,0,One year,Fiber,No,0
8,88.87,637.22,1,1,Month-to-month,Fiber,Yes,0
1,62.64,0.0,2,0,Month-to-month,DSL,Yes,1
15,20.0,343.49,3,0,Month-to-month,Fiber,Yes,1
32,20.0,543.71,0,0,One year,Fiber,Yes,0
54,44.55,2511.0,1,1,One year,Fiber,No,0
33,83.28,2535.6,2,2,One year,Fiber,Yes,1
2,72.84,98.84,1,1,Month-to-month,DSL,No,1
16,74.61,1132.15,2,0,One year,DSL,No,1
71,118.77,8399.69,3,0,One year,DSL,Yes,1
72,38.27,2781.75,1,0,Month-to-month,None,Yes,0
28,69.31,1980.42,1,0,Month-to-month,Fiber,Yes,0
58,77.61,4565.41,2,0,Month-to-month,Fiber,Yes,0
52,51.59,2758.34,1,2,Two year,Fiber,No,0
68,70.71,4791.0,1,1,Month-to-month,DSL,No,0
64,30.0,2130.95,2,0,Month-to-month,Fiber,Yes,0
46,105.25,4980.1,1,1,Two year,Fiber,Yes,1
29,52.96,1504.63,2,2,Two year,DSL,Yes,0
46,120.79,5542.42,0,1,Month-to-month,Fiber,Yes,0
23,69.19,1558.02,0,1,Two year,Fiber,Yes,0
26,95.7,2524.56,3,2,Month-to-month,Fiber,Yes,1
44,68.67,2924.17,1,1,Two year,DSL,Yes,0
42,69.23,2828.77,2,1,Month-to-month,Fiber,Yes,1
42,55.4,2110.03,2,0,Month-to-month,None,Yes,1
28,72.98,2003.52,0,0,Two year,None,Yes,0
30,77.95,2444.97,2,2,Month-to-month,DSL,Yes,0
1,50.39,35.18,2,0,Two year,DSL,Yes,0
44,66.87,2932.83,2,1,Month-to-month,Fiber,Yes,1
42,54.75,2327.21,2,0,Month-to-month,DSL,Yes,0
68,127.49,8569.21,2,1,Two year,DSL,No,0
37,67.76,2509.53,4,1,Month-to-month,Fiber,Yes,1
34,108.63,3782.48,2,2,Two year,DSL,Yes,1
5,65.11,356.2,2,3,Two year,Fiber,Yes,1
15,76.48,1245.05,1,0,Month-to-month,None,Yes,1
25,36.97,1050.56,1,1,Month-to-month,Fiber,Yes,1
28,58.82,1713.31,1,0,Month-to-month,None,No,0
27,75.26,1960.77,0,0,Month-to-month,Fiber,No,0
29,109.65,3145.44,1,1,Month-to-month,DSL,Yes,0
56,75.55,4423.92,2,0,Month-to-month,DSL,Yes,1
10,104.59,1077.35,4,1,Two year,Fiber,No,0
24,86.02,2082.53,1,0,Month-to-month,DSL,Yes,1
12,110.69,1242.22,1,1,One year,Fiber,Yes,1
23,68.52,1566.9,1,1,Month-to-month,None,No,1
50,129.76,6559.42,2,1,Month-to-month,DSL,Yes,1
4,57.87,232.94,1,0,Month-to-month,DSL,Yes,1
25,50.84,1219.02,3,0,Month-to-month,Fiber,Yes,1
2,39.75,50.76,1,1,One year,Fiber,Yes,1
69,128.28,8970.2,3,0,Month-to-month,DSL,No,1
53,90.49,4862.55,1,1,Two year,DSL,Yes,0
18,61.65,1163.05,2,1,Two year,DSL,Yes,0
15,101.23,1562.47,2,0,Month-to-month,Fiber,Yes,1
8,87.19,579.24,2,1,Two year,DSL,Yes,0
35,119.15,4197.6,2,0,Two year,Fiber,Yes,1
55,31.3,1828.53,4,0,Month-to-month,DSL,Yes,0
43,63.37,2698.65,1,0,Two year,Fiber,Yes,0
64,58.44,3837.71,0,1,Month-to-month,Fiber,Yes,0
25,20.66,570.97,2,1,One year,DSL,No,0
21,96.51,2109.44,1,0,Month-to-month,Fiber,Yes,1
35,63.24,2218.5,1,0,Two year,Fiber,No,0
15,88.49,1416.02,4,1,Two year,Fiber,Yes,0
71,128.99,9012.13,1,1,Two year,Fiber,Yes,0
14,61.17,859.68,0,0,Two year,Fiber,No,0
35,59.47,2152.79,2,1,Month-to-month,DSL,No,0
38,72.97,2802.36,2,1,One year,Fiber,Yes,1
5,94.68,582.97,2,0,Month-to-month,Fiber,Yes,1
34,55.83,1882.58,0,0,Month-to-month,Fiber,No,0
33,54.23,1734.71,1,0,Month-to-month,DSL,Yes,0
19,96.43,1668.26,2,2,Two year,DSL,Yes,1
10,79.47,767.36,0,1,One year,DSL,Yes,0
4,20.0,131.69,3,1,Month-to-month,DSL,No,1
1,39.37,115.47,3,1,Two year,Fiber,Yes,0
35,107.53,3623.66,0,2,Two year,None,Yes,0
7,80.05,677.87,4,1,Month-to-month,DSL,No,1
70,50.95,3468.72,0,1,Month-to-month,DSL,Yes,1
18,65.74,1171.2,0,0,One year,DSL,No,1
47,70.33,3248.67,1,1,One year,DSL,Yes,0
49,88.39,4373.0,1,1,Month-to-month,Fiber,No,0
36,36.04,1306.97,3,0,Month-to-month,DSL,Yes,1
64,48.98,3202.28,1,1,Month-to-month,None,Yes,0
8,76.82,798.97,2,1,Month-to-month,Fiber,Yes,1
17,67.5,1187.36,0,2,Month-to-month,Fiber,No,1
19,84.3,1543.97,5,0,Month-to-month,None,Yes,1
10,39.26,438.73,2,1,Month-to-month,Fiber,Yes,1
22,78.93,1930.93,0,0,One year,None,Yes,1
23,97.29,2303.29,2,0,Month-to-month,DSL,Yes,0
56,82.17,4696.12,1,0,Month-to-month,None,No,0
22,73.48,1457.15,2,1,Month-to-month,DSL,Yes,1
64,67.6,4365.27,2,0,Two year,Fiber,Yes,0
56,49.13,2724.41,1,2,Month-to-month,None,No,1
65,68.2,4364.99,0,1,Month-to-month,Fiber,Yes,0
8,101.49,809.71,2,1,Month-to-month,DSL,Yes,1
71,67.02,4769.59,1,0,One year,DSL,Yes,0
45,47.75,2086.53,2,0,Month-to-month,DSL,Yes,0
71,57.69,4115.11,2,1,Month-to-month,Fiber,No,0
26,75.02,1933.2,1,1,Two year,Fiber,Yes,0
69,60.66,4255.93,2,0,One year,Fiber,Yes,0
43,82.13,3554.46,0,1,Month-to-month,Fiber,No,0
6,83.07,536.02,2,0,Month-to-month,DSL,Yes,1
30,92.22,2864.68,2,0,Two year,Fiber,No,0
10,105.59,1111.39,3,0,Two year,Fiber,Yes,1
68,94.9,6452.35,1,0,One year,Fiber,No,0
22,46.64,817.48,3,1,One year,Fiber,No,1
17,47.41,857.37,1,0,Two year,None,No,0
40,68.11,2633.04,1,0,Two year,DSL,Yes,0
31,58.72,1811.72,2,1,Month-to-month,Fiber,No,1
7,41.54,327.9,3,2,Two year,None,No,0
59,58.96,3611.81,0,2,One year,Fiber,Yes,0
61,58.14,3730.6,1,1,One year,DSL,Yes,0
54,53.2,2780.88,1,1,Month-to-month,Fiber,Yes,0
45,62.11,2663.15,2,0,Month-to-month,Fiber,No,0
29,99.46,2916.95,2,1,Two year,DSL,No,0
40,74.98,3023.48,2,4,One year,Fiber,Yes,1
38,130.0,4819.81,3,2,Month-to-month,Fiber,Yes,1
12,74.26,889.49,0,1,One year,Fiber,Yes,0
6,62.75,436.24,0,0,Month-to-month,DSL,Yes,0
19,70.1,1208.95,3,0,Month-to-month,Fiber,No,1
33,76.41,2422.15,3,0,One year,Fiber,Yes,1
12,80.88,906.16,1,0,One year,Fiber,No,1
8,121.92,954.12,0,1,Month-to-month,Fiber,Yes,1
62,48.87,3099.15,2,4,Month-to-month,Fiber,Yes,1
27,91.48,2437.21,2,0,Month-to-month,Fiber,No,1
43,75.19,3238.86,2,1,One year,Fiber,Yes,1
38,30.72,1392.07,2,0,Two year,Fiber,No,1
53,89.27,4635.54,2,0,One year,Fiber,No,0
54,101.69,5425.99,3,1,One year,DSL,No,0
22,48.57,1136.36,2,0,Month-to-month,Fiber,No,1
62,69.78,4424.96,1,1,Month-to-month,DSL,Yes,1
27,26.87,766.87,2,0,Two year,Fiber,Yes,0
61,38.53,2531.22,2,0,Month-to-month,DSL,No,1
30,96.2,2917.77,1,0,Month-to-month,Fiber,Yes,0
8,58.34,269.11,1,1,Month-to-month,Fiber,No,0
55,42.28,2335.1,3,0,One year,Fiber,Yes,0
3,75.74,170.11,2,0,Month-to-month,Fiber,No,0
56,56.94,3327.0,4,3,Month-to-month,DSL,Yes,0
4,58.23,329.38,4,1,One year,DSL,No,1
15,88.48,1168.28,1,0,Month-to-month,Fiber,Yes,0
44,40.96,1937.13,0,1,Month-to-month,Fiber,Yes,0
68,47.37,3314.82,4,1,Two year,Fiber,No,0
30,73.85,2183.11,2,0,Two year,None,Yes,0
9,94.24,840.27,2,1,Month-to-month,DSL,Yes,1
17,100.95,1855.44,1,0,Month-to-month,DSL,Yes,0
65,53.37,3272.12,2,2,Month-to-month,Fiber,Yes,0
53,93.43,4996.56,0,0,Month-to-month,Fiber,Yes,0
8,50.4,512.51,4,0,Two year,Fiber,Yes,1
28,115.66,3229.48,2,0,One year,Fiber,Yes,0
20,41.66,897.91,2,0,Month-to-month,Fiber,Yes,0
13,103.21,1352.07,2,0,One year,Fiber,No,1
61,53.59,3190.45,2,3,Month-to-month,None,No,1
45,120.33,5334.0,2,3,Month-to-month,DSL,Yes,1
13,84.78,1173.37,0,2,Two year,Fiber,Yes,0
47,44.6,2032.61,1,0,Month-to-month,Fiber,Yes,0
30,56.94,1555.86,0,0,Month-to-month,DSL,No,0
5,89.53,459.89,5,0,Two year,None,No,1
33,96.32,3127.12,3,0,Month-to-month,Fiber,Yes,1
14,68.23,835.34,1,0,Month-to-month,Fiber,Yes,1
18,71.12,1287.27,1,0,Month-to-month,DSL,No,1
64,88.96,5770.09,2,0,Month-to-month,DSL,Yes,1
52,73.29,3813.35,0,1,Month-to-month,Fiber,Yes,0
10,37.66,270.0,1,0,Month-to-month,DSL,Yes,1
62,49.68,3128.07,2,0,Month-to-month,DSL,No,0
42,75.88,3290.39,1,0,Month-to-month,Fiber,Yes,1
63,100.39,6545.69,0,1,One year,DSL,Yes,0
54,110.4,6105.76,5,0,Two year,Fiber,No,0
25,89.49,2136.67,2,1,One year,Fiber,Yes,1
39,77.18,3095.92,3,3,One year,DSL,Yes,0
39,88.72,3485.75,1,3,Two year,Fiber,Yes,0
52,53.33,2658.01,2,1,Month-to-month,DSL,No,0
18,66.17,1219.43,0,0,Month-to-month,DSL,Yes,0
24,49.4,1377.39,1,1,Month-to-month,Fiber,Yes,1
18,38.78,817.65,2,0,Month-to-month,Fiber,No,0
22,78.34,1622.11,1,1,Two year,DSL,No,0
12,74.64,897.03,3,4,Month-to-month,Fiber,Yes,1
3,87.19,310.74,2,0,Two year,Fiber,Yes,0
68,83.65,5515.4,2,1,Month-to-month,Fiber,Yes,0
6,76.07,286.85,1,0,Month-to-month,DSL,Yes,0
64,83.92,5386.05,2,1,Month-to-month,Fiber,Yes,1
1,68.93,85.7,1,0,Month-to-month,Fiber,No,0
56,80.32,4314.17,4,1,Month-to-month,DSL,No,0
24,51.85,1283.11,1,1,One year,Fiber,No,0
38,79.24,3119.92,0,1,Month-to-month,Fiber,Yes,1
21,86.71,1799.09,2,1,Two year,DSL,Yes,0
36,53.26,1923.27,0,0,Two year,Fiber,No,0
33,71.3,2409.9,1,1,Month-to-month,Fiber,Yes,1
39,54.41,2165.89,1,1,Two year,DSL,Yes,0
29,56.84,1481.42,0,0,Month-to-month,None,Yes,0
39,41.88,1542.68,2,0,Month-to-month,Fiber,Yes,1
60,101.64,6059.08,2,1,Month-to-month,Fiber,Yes,1
32,96.64,3006.47,3,0,One year,Fiber,Yes,1
27,83.44,2399.46,3,1,Month-to-month,None,No,1
10,119.3,1256.5,2,2,One year,Fiber,Yes,0
26,65.27,1586.02,2,1,Two year,Fiber,Yes,0
10,130.0,1278.57,1,2,Month-to-month,DSL,Yes,1
14,64.31,1013.4,1,2,Two year,DSL,Yes,1
69,76.38,5205.58,4,0,One year,Fiber,Yes,0
7,60.06,505.55,4,2,Month-to-month,Fiber,Yes,0
35,79.31,2914.1,0,0,Month-to-month,Fiber,Yes,1
61,90.89,5665.93,1,0,Month-to-month,DSL,Yes,0
69,67.15,4651.53,0,0,Month-to-month,DSL,No,0
11,114.42,1383.7,1,0,One year,DSL,Yes,0
12,75.98,859.52,1,1,Month-to-month,Fiber,Yes,0
27,76.76,2321.17,2,0,Month-to-month,DSL,No,0
40,47.28,1915.09,1,1,One year,DSL,No,0
70,80.46,5747.05,2,0,One year,None,No,0
15,66.65,963.54,2,1,Two year,Fiber,Yes,0
12,54.79,707.47,3,1,Month-to-month,Fiber,No,1
19,50.59,1015.52,1,0,One year,DSL,Yes,0
63,130.0,8097.12,0,1,Month-to-month,Fiber,No,0
3,63.41,94.39,2,1,One year,Fiber,No,0
28,33.58,919.66,1,1,Month-to-month,DSL,Yes,1
9,52.54,583.43,1,2,Month-to-month,Fiber,No,0
12,68.71,641.39,0,0,Two year,None,No,0
67,83.67,5569.38,0,1,One year,DSL,Yes,0
1,83.87,214.86,2,0,One year,None,Yes,1
24,86.92,1962.76,0,1,Month-to-month,DSL,No,1
66,53.88,3681.37,3,0,One year,DSL,Yes,1
44,78.51,3341.71,3,1,Month-to-month,DSL,Yes,1
6,48.1,196.94,2,0,Month-to-month,None,Yes,1
34,54.51,1838.58,2,2,Month-to-month,Fiber,No,1
70,47.06,3481.36,3,0,Month-to-month,Fiber,No,0
29,40.29,1104.42,1,0,Month-to-month,Fiber,Yes,1
39,96.61,3594.31,1,1,One year,Fiber,No,1
39,87.22,3261.2,1,3,Month-to-month,Fiber,No,1
48,94.42,4625.19,0,0,Two year,Fiber,Yes,1
14,70.98,858.29,2,0,Two year,Fiber,Yes,0
61,89.42,5573.43,1,0,Month-to-month,Fiber,Yes,0
72,25.97,1876.66,2,0,One year,Fiber,No,0
11,91.58,1004.12,2,1,Month-to-month,DSL,Yes,1
59,74.43,4420.98,2,0,Two year,Fiber,Yes,0
59,85.68,4974.89,1,2,Month-to-month,DSL,Yes,0
54,79.5,4306.82,0,2,Month-to-month,None,Yes,1
27,45.32,1104.43,2,1,Month-to-month,Fiber,Yes,0
34,32.55,1241.56,1,0,Two year,DSL,Yes,0
61,52.2,3081.39,2,0,Month-to-month,DSL,Yes,0
12,84.12,1053.36,2,0,Two year,Fiber,No,0
60,87.25,5131.66,2,2,Month-to-month,Fiber,No,1
67,35.8,2345.38,2,1,One year,Fiber,No,0
50,45.47,2236.24,0,0,Month-to-month,Fiber,Yes,1
25,51.92,1596.11,4,1,Month-to-month,DSL,Yes,0
41,61.07,2502.32,0,1,Month-to-month,Fiber,No,1
4,35.95,61.64,3,1,Month-to-month,Fiber,Yes,0
68,34.45,2298.06,0,0,One year,Fiber,Yes,1
25,49.45,1085.89,1,1,One year,Fiber,Yes,1
5,72.16,344.5,0,0,Month-to-month,None,Yes,0
58,40.49,2533.25,2,1,Month-to-month,DSL,Yes,1
48,67.1,3254.64,0,0,Month-to-month,Fiber,No,0
45,96.46,4431.21,0,0,One year,Fiber,No,0
4,37.46,58.83,2,1,One year,Fiber,No,0
55,64.84,3545.8,1,2,Two year,DSL,No,0
46,95.62,4418.86,0,0,Two year,Fiber,No,0
58,59.54,3380.98,1,0,Month-to-month,DSL,Yes,0
60,55.66,3379.5,0,1,Month-to-month,DSL,Yes,0
16,99.09,1646.94,1,1,Two year,DSL,No,0
16,62.34,1051.8,1,1,Month-to-month,Fiber,Yes,0
67,97.61,6524.92,0,0,Month-to-month,DSL,No,0
39,80.72,3257.33,0,2,Month-to-month,Fiber,Yes,1
32,61.43,1939.96,2,2,One year,None,Yes,0
21,81.99,1686.96,2,1,One year,Fiber,No,0
47,78.01,3810.68,0,1,Two year,Fiber,No,1
55,95.52,5143.02,0,0,Month-to-month,Fiber,No,0
1,56.29,0.0,0,0,Month-to-month,DSL,Yes,1
40,71.03,2754.42,1,2,Month-to-month,Fiber,Yes,1
72,68.46,4968.0,3,0,One year,DSL,Yes,1
21,87.6,1968.04,3,0,Month-to-month,DSL,No,1
21,44.37,865.73,0,0,Two year,DSL,Yes,0
64,95.42,6288.65,1,1,Month-to-month,Fiber,Yes,0
5,81.66,411.01,1,2,One year,DSL,Yes,0
29,37.08,1063.68,2,2,Two year,DSL,No,0
33,100.21,3221.82,1,1,Month-to-month,Fiber,Yes,1
58,125.85,7494.57,2,0,One year,DSL,No,0
10,95.05,935.43,1,1,Month-to-month,Fiber,Yes,1
32,105.67,3248.39,2,2,Two year,Fiber,No,1
11,72.13,1039.24,4,0,Two year,Fiber,No,1
57,28.46,1661.72,3,0,One year,DSL,Yes,0
46,23.9,1179.14,1,1,Month-to-month,DSL,Yes,1
36,76.38,2917.73,0,0,Two year,Fiber,Yes,0
29,55.2,1662.26,1,2,Two year,Fiber,Yes,0
12,47.14,663.12,1,1,One year,DSL,No,0
67,68.43,4590.33,1,2,Two year,DSL,Yes,0
47,85.39,4086.69,1,0,Month-to-month,Fiber,Yes,1
23,33.68,771.25,3,0,Month-to-month,DSL,No,1
30,58.78,1761.32,0,1,Month-to-month,Fiber,Yes,0
53,107.75,5722.55,4,2,Month-to-month,Fiber,Yes,1
52,43.12,2202.44,3,2,Month-to-month,Fiber,No,1
34,91.74,3169.73,1,0,One year,Fiber,No,1
22,57.88,1323.58,2,1,Month-to-month,Fiber,Yes,0
48,83.64,4096.84,1,0,Month-to-month,Fiber,Yes,1
48,97.43,4740.75,1,1,One year,Fiber,Yes,0
44,88.53,4095.41,3,0,One year,Fiber,Yes,0
6,92.73,661.64,3,1,Two year,Fiber,No,0
35,41.21,1421.63,1,1,Month-to-month,Fiber,Yes,0
45,97.84,4448.17,1,0,Two year,DSL,Yes,0
69,48.68,3500.37,1,0,Month-to-month,None,Yes,0
38,76.49,2811.57,0,0,Month-to-month,None,No,1
25,76.46,2112.83,2,0,One year,DSL,No,0
41,82.13,3289.79,8,1,Month-to-month,Fiber,Yes,1
13,78.42,1109.54,4,1,One year,Fiber,Yes,0
7,48.9,342.99,2,0,Month-to-month,None,Yes,1
49,36.25,1771.32,4,1,Month-to-month,Fiber,Yes,1
72,91.81,6479.94,1,1,Month-to-month,DSL,No,0
61,74.65,4644.15,1,1,Month-to-month,Fiber,No,0
43,98.73,4116.74,1,0,Month-to-month,DSL,No,1
3,68.88,62.37,0,1,Month-to-month,Fiber,Yes,0
72,34.87,2626.67,2,1,Month-to-month,Fiber,No,0
33,94.15,3286.02,1,1,One year,Fiber,Yes,1
21,60.74,1208.83,0,1,Month-to-month,DSL,Yes,0
65,78.55,5206.07,0,1,One year,Fiber,Yes,0
54,53.81,2985.58,4,0,One year,Fiber,No,0
54,111.11,5990.66,3,1,Month-to-month,DSL,No,0
20,48.09,1095.3,0,0,Month-to-month,DSL,Yes,0
72,61.56,4416.26,2,2,One year,DSL,No,0
33,72.69,2450.4,2,1,Two year,Fiber,No,1
39,42.7,1539.75,0,0,Month-to-month,Fiber,No,0
55,78.26,4183.36,0,0,Two year,Fiber,Yes,0
48,110.3,5411.2,2,1,Month-to-month,Fiber,No,1
13,57.74,805.72,0,0,Month-to-month,Fiber,No,1
22,79.88,1743.08,1,1,Month-to-month,Fiber,No,1
27,20.0,730.78,1,0,Month-to-month,DSL,Yes,0
69,69.03,4952.58,3,0,Month-to-month,DSL,No,0
52,62.17,3276.96,1,2,Month-to-month,DSL,No,1
27,49.54,1191.95,2,0,Month-to-month,Fiber,Yes,1
53,97.04,5131.76,0,1,One year,Fiber,No,0
54,61.84,3256.31,3,0,Month-to-month,Fiber,Yes,0
29,65.56,1910.28,0,0,Two year,Fiber,Yes,0
30,60.57,1723.48,1,0,Two year,Fiber,Yes,1
65,22.08,1315.55,0,0,Month-to-month,None,Yes,0
41,41.7,1483.45,2,0,Month-to-month,Fiber,Yes,0
11,94.03,1051.03,3,2,Month-to-month,DSL,Yes,1
52,20.0,810.12,1,0,Two year,DSL,Yes,0
43,50.84,2154.19,1,1,Month-to-month,Fiber,Yes,1
37,60.01,2289.7,1,1,Month-to-month,Fiber,Yes,0
53,113.59,5948.09,0,1,Two year,Fiber,No,0
66,89.22,5779.71,4,2,Month-to-month,DSL,Yes,1
24,56.07,1338.91,2,3,Month-to-month,Fiber,Yes,0
31,102.61,3098.14,1,0,Two year,Fiber,Yes,0
14,51.49,739.39,2,2,Two year,DSL,Yes,0
47,95.23,4372.41,1,0,Month-to-month,Fiber,Yes,0
29,36.03,1034.36,1,1,Month-to-month,Fiber,No,1
25,96.83,2386.14,3,0,Month-to-month,DSL,Yes,1
51,59.85,3051.03,0,0,Month-to-month,DSL,Yes,0
30,44.29,1492.14,1,0,Month-to-month,Fiber,Yes,1
34,64.57,2215.41,3,1,Month-to-month,Fiber,Yes,1
32,76.93,2512.32,1,0,One year,DSL,No,1
19,57.63,1032.52,1,1,One year,Fiber,No,1
10,83.85,860.81,3,0,Two year,Fiber,Yes,1
60,55.43,3298.03,0,0,Two year,DSL,Yes,0
7,85.51,601.53,2,0,Month-to-month,Fiber,Yes,0
24,81.06,2010.23,0,1,Month-to-month,Fiber,Yes,1
49,68.48,3305.35,0,0,Month-to-month,DSL,Yes,0
10,58.97,549.85,3,0,Month-to-month,DSL,No,0
48,73.79,3493.21,2,0,Month-to-month,DSL,Yes,0
53,83.76,4388.51,1,0,One year,Fiber,Yes,0
48,121.54,5851.48,2,0,Month-to-month,Fiber,No,1
22,93.49,2020.28,2,0,Month-to-month,Fiber,Yes,1
2,94.4,338.6,0,0,Month-to-month,None,Yes,1
64,130.0,8587.92,1,1,Two year,Fiber,No,0
24,82.9,1932.78,2,0,One year,Fiber,Yes,0
58,82.12,4792.13,1,1,Month-to-month,Fiber,Yes,1
15,87.6,1417.81,1,1,Month-to-month,Fiber,No,1
12,44.78,510.74,3,1,Two year,Fiber,Yes,0
57,58.9,3258.0,1,0,Month-to-month,Fiber,No,0
68,57.35,4073.33,1,0,One year,Fiber,Yes,1
62,86.19,5412.42,0,2,One year,None,Yes,0
55,65.65,3642.38,3,1,One year,None,No,0
18,73.46,1467.25,3,1,Month-to-month,None,Yes,1
66,97.19,6491.32,1,1,Two year,DSL,No,1
49,91.58,4482.57,1,1,Month-to-month,DSL,Yes,1
13,65.96,759.78,2,2,Month-to-month,Fiber,Yes,1
10,53.25,483.17,0,2,Month-to-month,Fiber,No,1
63,98.38,6318.54,1,0,Month-to-month,DSL,Yes,0
20,89.35,1855.15,5,2,Month-to-month,Fiber,Yes,1
56,29.84,1652.57,1,0,One year,Fiber,Yes,0
10,62.17,798.37,0,3,Two year,DSL,No,0
21,74.14,1541.17,0,0,Month-to-month,Fiber,No,0
21,89.47,1977.64,1,2,Two year,DSL,Yes,0
21,92.75,1969.81,2,1,Two year,Fiber,Yes,0
49,77.1,3971.08,3,1,Month-to-month,DSL,Yes,0
66,84.63,5660.96,3,2,One year,Fiber,Yes,1
66,71.6,4730.44,2,0,Two year,Fiber,Yes,0
54,53.15,2852.42,4,1,One year,DSL,No,0
15,63.47,950.49,2,2,Month-to-month,Fiber,Yes,1
70,70.47,4860.69,0,0,Two year,Fiber,Yes,1
40,69.13,2628.65,2,2,One year,Fiber,Yes,1
40,22.86,945.3,2,0,Month-to-month,DSL,Yes,0
51,60.06,3009.86,2,0,Month-to-month,Fiber,Yes,1
56,71.41,3945.07,0,1,Month-to-month,DSL,Yes,1
69,62.97,4335.75,0,0,Month-to-month,Fiber,Yes,0
42,63.83,2686.06,0,0,Month-to-month,Fiber,No,0
44,82.2,3617.53,1,1,Month-to-month,Fiber,Yes,0
54,43.03,2497.24,1,1,Two year,DSL,Yes,0
19,29.3,622.92,1,0,One year,DSL,No,0
23,61.3,1620.58,2,0,Month-to-month,DSL,Yes,0
46,89.1,4054.83,5,1,Month-to-month,Fiber,Yes,1
5,112.19,639.32,1,1,Month-to-month,Fiber,No,1
24,89.55,2110.94,5,1,Month-to-month,Fiber,Yes,1
52,33.29,1675.14,1,0,One year,DSL,Yes,0
71,64.19,4772.1,2,1,Month-to-month,DSL,No,1
38,76.42,2826.99,0,1,Two year,Fiber,Yes,0
29,74.44,1935.58,1,2,Month-to-month,Fiber,No,0
32,83.48,2600.65,2,2,Month-to-month,Fiber,Yes,1
50,47.07,2152.86,2,0,Two year,DSL,Yes,0
40,71.62,2769.81,1,0,Month-to-month,DSL,Yes,1
2,80.51,75.15,1,1,Month-to-month,Fiber,Yes,0
39,90.64,3538.56,0,1,Month-to-month,Fiber,Yes,0
29,49.86,1240.89,0,1,One year,Fiber,Yes,0
51,61.37,3249.52,0,1,Month-to-month,DSL,Yes,0
64,20.0,1092.42,1,0,Two year,DSL,Yes,0
70,54.46,3799.67,2,0,One year,Fiber,Yes,0
44,56.89,2470.73,1,1,Two year,DSL,Yes,0
27,44.51,1284.32,0,1,One year,Fiber,Yes,0
32,74.14,2407.64,0,1,One year,DSL,Yes,0
13,68.6,1010.51,2,0,One year,DSL,No,1
68,20.0,1323.85,2,0,Month-to-month,DSL,Yes,0
62,75.39,4627.56,2,0,One year,None,Yes,0
62,46.79,2942.38,2,2,One year,DSL,No,0
24,82.14,2074.33,2,2,Month-to-month,DSL,No,1
24,37.95,993.4,2,2,One year,Fiber,Yes,1
62,70.75,4418.69,1,1,Month-to-month,DSL,Yes,0
40,62.92,2540.1,1,3,Month-to-month,DSL,No,0
51,77.58,3952.83,3,1,Month-to-month,DSL,Yes,1
36,73.12,2673.22,5,1,Month-to-month,Fiber,Yes,1
32,63.62,2239.36,1,1,Month-to-month,Fiber,Yes,0
46,31.59,1429.03,1,0,Month-to-month,Fiber,Yes,0
59,33.07,1914.67,2,0,Month-to-month,Fiber,No,1
25,55.4,1340.97,0,0,Month-to-month,Fiber,Yes,1
59,69.79,4156.72,2,0,One year,DSL,Yes,0
18,54.79,774.11,1,3,Month-to-month,Fiber,Yes,1
30,85.63,2555.4,2,0,Two year,Fiber,Yes,0
66,63.02,4247.35,1,1,Two year,Fiber,No,0
69,45.87,3112.73,1,0,Month-to-month,DSL,No,0
67,63.05,4242.86,1,1,Month-to-month,Fiber,Yes,1
23,75.65,1950.8,0,2,Month-to-month,Fiber,No,0
61,78.12,4798.61,1,1,Month-to-month,None,Yes,0
68,116.96,7729.32,3,1,Month-to-month,DSL,Yes,0
71,53.28,3641.7,1,1,One year,Fiber,Yes,0
2,68.16,111.23,1,0,One year,Fiber,Yes,0
54,80.65,4274.88,2,0,Month-to-month,Fiber,Yes,0
72,69.41,5008.18,2,0,One year,Fiber,No,0
56,57.48,3189.68,1,2,Month-to-month,Fiber,Yes,0
17,31.27,648.17,0,1,Two year,Fiber,Yes,1
55,57.23,3038.47,1,1,Two year,DSL,No,0
8,43.16,324.51,1,0,Month-to-month,Fiber,No,0
35,26.83,960.95,0,0,One year,Fiber,Yes,0
46,50.11,2339.08,3,0,Two year,DSL,Yes,0
33,43.82,1460.83,1,0,Month-to-month,Fiber,No,0
51,84.59,4073.2,1,2,Month-to-month,None,Yes,1
18,85.03,1538.82,4,1,One year,Fiber,Yes,0
44,47.4,2070.66,3,0,Month-to-month,Fiber,Yes,1
47,63.49,3070.64,1,2,Month-to-month,Fiber,Yes,0
46,23.54,1155.32,1,0,One year,DSL,Yes,1
21,57.64,1234.56,0,0,Month-to-month,Fiber,No,0
22,79.97,1790.76,1,0,Month-to-month,Fiber,Yes,1
19,90.62,1857.08,1,1,Two year,Fiber,No,1
34,52.17,1888.94,0,1,Month-to-month,DSL,Yes,1
43,96.3,4168.28,2,1,Month-to-month,DSL,Yes,1
27,32.11,1081.45,0,1,One year,Fiber,Yes,0
30,38.81,1101.46,2,3,Month-to-month,Fiber,Yes,1
21,87.74,1724.03,1,3,One year,Fiber,Yes,0
16,111.78,1787.36,2,0,One year,Fiber,No,0
48,82.34,3914.74,0,1,Month-to-month,Fiber,Yes,1
59,68.99,3823.96,0,0,Month-to-month,Fiber,Yes,1
21,20.0,354.76,4,0,Two year,Fiber,Yes,0
62,20.0,1274.36,2,1,Two year,Fiber,Yes,0
42,73.24,3070.08,1,1,Month-to-month,DSL,Yes,1
13,61.05,715.98,4,1,Month-to-month,DSL,Yes,0
27,42.35,1147.79,0,1,Month-to-month,Fiber,Yes,0
1,71.64,83.95,3,1,Two year,DSL,No,0
3,72.88,290.14,1,0,Two year,Fiber,No,0
25,93.61,2276.11,3,1,Month-to-month,DSL,Yes,1
33,73.42,2510.08,1,1,Two year,Fiber,Yes,0
58,100.71,5732.11,1,2,Month-to-month,DSL,Yes,0
10,70.2,651.66,2,1,Month-to-month,Fiber,Yes,1
61,67.12,4264.01,2,2,One year,Fiber,No,1
17,96.61,1539.94,2,0,Month-to-month,DSL,Yes,1
10,45.54,389.51,1,2,One year,Fiber,No,0
51,130.0,6504.69,2,0,Month-to-month,Fiber,Yes,1
56,79.38,4362.63,2,0,One year,Fiber,No,0
44,79.52,3512.75,2,1,Two year,None,No,0
9,83.13,818.8,5,2,Month-to-month,Fiber,No,1
9,116.93,1050.49,4,1,Month-to-month,Fiber,No,1
29,89.81,2572.1,1,0,One year,Fiber,Yes,1
33,29.87,861.55,4,1,Month-to-month,None,Yes,0
72,105.09,7493.53,0,3,One year,Fiber,Yes,1
21,61.48,1136.43,1,1,One year,Fiber,No,0
14,72.68,1091.16,2,0,Month-to-month,Fiber,No,1
69,38.02,2703.89,0,2,Two year,None,Yes,0
12,83.16,993.82,3,1,Month-to-month,Fiber,No,1
2,53.72,151.58,0,5,Month-to-month,DSL,Yes,1
31,72.5,2335.25,1,0,Month-to-month,Fiber,Yes,0
29,62.9,1834.15,2,0,One year,Fiber,Yes,0
45,118.13,5455.0,2,1,Two year,Fiber,Yes,0
64,119.56,7549.24,1,1,Month-to-month,Fiber,Yes,0
68,71.16,4804.21,3,1,Month-to-month,Fiber,No,1
21,71.6,1456.81,1,2,Month-to-month,DSL,Yes,1
71,60.66,4371.86,1,1,One year,Fiber,Yes,0
46,97.65,4348.49,1,2,Month-to-month,Fiber,Yes,0
6,61.78,515.46,3,0,Month-to-month,Fiber,Yes,1
68,59.47,4099.9,0,0,Month-to-month,DSL,No,0
10,94.46,1119.68,1,0,Month-to-month,Fiber,No,1
43,56.54,2427.27,0,1,One year,DSL,Yes,0
57,69.06,3881.17,2,4,Month-to-month,None,No,1
18,30.47,614.12,1,3,Month-to-month,Fiber,No,0
20,87.6,1855.15,0,0,Month-to-month,DSL,No,1
35,118.52,4076.82,2,2,Month-to-month,None,Yes,1
64,88.03,5434.2,2,1,Month-to-month,Fiber,Yes,0
17,106.54,1628.64,2,1,Month-to-month,Fiber,No,0
48,48.85,2370.82,1,0,Month-to-month,None,Yes,1
33,75.91,2658.99,0,0,Month-to-month,None,Yes,0
9,46.42,287.71,0,0,Month-to-month,Fiber,Yes,1
52,64.31,3316.67,1,1,One year,None,Yes,0
60,89.31,5323.47,2,1,Month-to-month,DSL,Yes,1
42,72.55,3238.96,2,2,Month-to-month,DSL,No,0
13,34.68,676.76,2,0,One year,DSL,Yes,0
12,37.12,487.94,2,4,Month-to-month,DSL,Yes,0
31,35.47,1189.4,3,1,Month-to-month,Fiber,No,1
37,82.29,3131.61,1,3,Two year,DSL,Yes,0
40,121.6,4735.86,3,0,Month-to-month,Fiber,Yes,1
18,104.06,1942.96,5,0,Two year,DSL,No,0
37,22.6,734.25,3,0,Month-to-month,Fiber,No,0
22,105.53,2304.44,1,2,Two year,Fiber,No,0
50,93.41,4784.47,1,1,Two year,DSL,Yes,0
58,31.37,1827.41,1,1,Month-to-month,Fiber,Yes,0
47,62.42,3043.99,2,1,Month-to-month,Fiber,No,1
1,97.39,227.31,3,2,One year,Fiber,No,1
72,83.76,5855.09,0,1,Month-to-month,Fiber,Yes,0
2,37.27,0.0,3,1,Month-to-month,None,No,1
72,85.27,6255.55,4,2,Two year,DSL,Yes,0
3,20.0,180.24,3,1,One year,Fiber,Yes,1
38,64.43,2473.98,2,2,Two year,DSL,Yes,0
8,98.45,826.81,1,2,Two year,Fiber,Yes,1
7,70.46,582.52,2,2,Two year,Fiber,No,0
50,57.53,2963.77,1,0,One year,Fiber,Yes,0
53,92.23,4857.97,3,0,One year,Fiber,No,0
9,94.37,944.9,3,3,Two year,Fiber,Yes,1
71,102.75,7260.67,0,0,One year,Fiber,No,0
24,91.86,2228.96,1,1,Month-to-month,Fiber,Yes,0
23,97.03,2251.79,2,0,One year,DSL,No,0
22,88.32,1857.16,3,0,Month-to-month,DSL,Yes,1
34,76.64,2531.4,0,0,Two year,Fiber,No,0
13,72.24,1162.5,2,0,One year,Fiber,Yes,1
31,64.07,1896.94,1,1,One year,DSL,Yes,0
16,39.69,672.05,2,0,Month-to-month,Fiber,No,1
4,46.12,242.45,3,2,Month-to-month,DSL,Yes,1
27,62.95,1694.22,1,2,Month-to-month,Fiber,No,0
49,76.04,3792.93,2,1,One year,Fiber,Yes,1
55,106.02,5864.02,2,1,One year,DSL,No,0
26,68.96,1705.81,3,0,Month-to-month,DSL,No,1
24,95.09,2335.77,0,0,Month-to-month,DSL,No,1
57,96.98,5473.55,0,0,Month-to-month,Fiber,Yes,0
50,64.21,3384.76,3,0,Month-to-month,None,Yes,0
60,84.87,5134.95,1,1,Two year,DSL,No,0
66,63.91,4148.16,2,0,Two year,Fiber,Yes,0
60,103.05,6217.43,2,0,One year,Fiber,No,0
68,85.9,5748.45,1,0,Month-to-month,Fiber,Yes,1
30,40.24,1232.92,0,1,Month-to-month,DSL,Yes,1
29,74.04,2124.54,0,0,Two year,DSL,No,0
24,111.2,2586.18,2,0,Two year,None,Yes,0
17,65.47,1029.03,2,1,Month-to-month,None,Yes,1
54,81.19,4627.91,3,1,One year,Fiber,Yes,1
52,83.65,4358.78,1,2,Month-to-month,Fiber,No,1
58,44.08,2513.72,4,0,Month-to-month,DSL,Yes,0
13,82.77,1015.49,3,1,Two year,DSL,No,0
36,35.15,1312.66,0,2,Two year,DSL,Yes,0
16,54.36,805.9,0,0,Two year,Fiber,Yes,0
65,96.89,6188.59,0,3,Month-to-month,DSL,Yes,1
20,78.92,1575.14,1,1,Month-to-month,DSL,Yes,0
11,62.39,682.27,3,0,Two year,DSL,Yes,0
42,81.16,3367.08,2,2,One year,DSL,Yes,1
64,68.5,4294.72,0,1,Month-to-month,Fiber,Yes,0
66,70.31,4601.66,1,0,Month-to-month,Fiber,No,0
7,86.42,557.98,2,0,Month-to-month,Fiber,Yes,0
24,51.82,1182.74,1,1,One year,Fiber,Yes,1
12,71.01,879.75,3,1,Two year,Fiber,Yes,0
23,62.19,1653.07,0,1,Month-to-month,Fiber,Yes,0
39,30.36,1317.21,2,0,Month-to-month,DSL,No,0
21,46.99,1180.95,1,1,Month-to-month,DSL,No,1
5,109.21,489.26,2,1,One year,Fiber,No,1
37,79.62,3113.34,1,2,Month-to-month,Fiber,Yes,1
4,36.91,170.37,3,3,Month-to-month,Fiber,Yes,1
17,31.49,633.99,3,1,One year,DSL,No,0
1,67.2,112.97,1,2,Month-to-month,DSL,No,1
7,109.03,728.88,3,1,One year,DSL,Yes,0
32,65.33,2162.54,1,0,One year,Fiber,Yes,0
62,102.67,6414.34,3,2,Month-to-month,Fiber,No,1
56,78.8,4235.88,1,1,One year,DSL,No,0
8,81.78,641.84,1,3,One year,DSL,Yes,1
3,36.61,197.06,0,0,One year,DSL,Yes,0
25,93.44,2363.69,0,1,One year,DSL,No,1
47,61.63,2943.4,2,0,Month-to-month,Fiber,No,0
54,91.58,4870.03,2,3,Month-to-month,Fiber,Yes,1
60,49.65,3004.37,0,2,Month-to-month,Fiber,Yes,0
25,74.43,1851.02,3,2,Month-to-month,Fiber,Yes,0
13,78.8,1004.06,1,0,Month-to-month,None,No,1
2,66.15,64.37,1,1,Month-to-month,Fiber,No,1
11,80.11,972.74,2,1,One year,None,Yes,0
5,63.34,351.25,0,1,Month-to-month,None,Yes,1
62,53.77,3358.41,1,1,Two year,DSL,No,0
20,110.14,2407.82,1,0,One year,DSL,Yes,1
60,96.22,5820.81,0,1,Month-to-month,DSL,Yes,0
40,50.98,2159.18,1,1,One year,Fiber,Yes,0
39,84.21,3311.53,1,0,Month-to-month,Fiber,Yes,1
33,51.43,1661.97,3,1,Two year,DSL,No,0
59,40.38,2276.68,1,1,Two year,Fiber,Yes,1
4,95.85,407.52,1,1,Two year,Fiber,No,1
7,27.4,0.0,3,0,One year,Fiber,Yes,1
31,93.17,2915.56,0,0,Two year,Fiber,Yes,1
29,63.68,1878.32,2,2,One year,DSL,No,0
40,64.71,2566.7,1,4,Two year,Fiber,Yes,0
54,80.24,4323.93,2,0,Month-to-month,DSL,No,0
43,84.53,3509.67,4,0,Two year,Fiber,Yes,0
19,49.34,1076.05,3,2,One year,DSL,No,1
24,87.94,2076.91,0,4,Month-to-month,DSL,Yes,1
55,72.83,3908.68,1,2,Two year,Fiber,Yes,0
15,38.6,633.45,0,0,One year,Fiber,Yes,0
37,65.75,2443.94,2,1,Two year,Fiber,Yes,0
39,104.53,4040.91,5,0,Month-to-month,None,Yes,1
55,111.91,6108.91,3,0,One year,DSL,Yes,0
52,87.93,4571.99,2,0,One year,None,Yes,0
34,40.24,1502.79,1,0,Month-to-month,DSL,Yes,0
23,82.27,1939.05,3,2,One year,DSL,No,1
27,91.27,2460.89,1,0,One year,None,Yes,1
30,88.14,2729.52,1,0,Month-to-month,Fiber,Yes,1
16,89.62,1436.73,2,0,One year,Fiber,No,0
46,79.08,3677.91,1,2,Month-to-month,Fiber,No,1
16,68.19,1106.15,3,1,Two year,Fiber,Yes,0
47,54.79,2634.15,3,0,Two year,Fiber,Yes,0
55,22.55,1195.92,0,1,Month-to-month,DSL,Yes,0
70,78.49,5380.44,2,1,Month-to-month,Fiber,Yes,0
9,74.65,762.55,1,1,Month-to-month,None,No,1
55,83.94,4767.16,1,0,Month-to-month,Fiber,Yes,1
7,36.56,146.74,5,0,Two year,Fiber,No,0
25,86.13,2171.06,3,2,Month-to-month,Fiber,No,1
13,121.36,1532.84,0,0,Month-to-month,Fiber,No,1
12,71.96,951.87,2,0,Month-to-month,Fiber,Yes,1
13,68.46,914.62,2,0,One year,Fiber,No,0
4,77.73,643.65,2,1,Two year,Fiber,No,0
60,120.81,7218.36,0,0,Month-to-month,Fiber,No,0
5,44.41,375.77,2,1,Month-to-month,Fiber,Yes,1
29,75.08,2340.79,0,0,Month-to-month,DSL,Yes,1
51,50.01,2603.8,1,0,Month-to-month,Fiber,Yes,0
72,56.32,4059.1,1,1,Month-to-month,Fiber,Yes,1
62,68.76,4272.62,1,0,One year,DSL,No,0
10,103.68,1037.85,1,1,Month-to-month,DSL,No,0
72,115.02,8395.11,0,2,Month-to-month,Fiber,Yes,0
48,81.2,3810.51,0,1,One year,DSL,Yes,0
13,60.59,771.51,0,2,One year,None,Yes,0
33,130.0,4261.78,0,0,Month-to-month,DSL,No,1
67,59.31,3801.23,2,0,Month-to-month,DSL,No,0
29,55.72,1701.82,0,1,One year,DSL,Yes,0
14,25.63,465.06,5,2,Month-to-month,Fiber,Yes,1
64,104.9,6650.32,2,2,Two year,Fiber,No,1
69,94.21,6603.24,1,2,Two year,Fiber,No,0
71,130.0,9071.63,0,2,Two year,None,No,1
69,35.26,2435.47,1,1,Month-to-month,Fiber,Yes,1
63,106.45,6693.99,3,1,Month-to-month,DSL,Yes,1
33,71.75,2376.64,2,2,Two year,DSL,No,1
14,90.15,1270.39,1,0,Month-to-month,Fiber,Yes,0
45,28.81,1288.55,2,1,Month-to-month,DSL,No,0
16,106.7,1668.46,1,0,One year,Fiber,No,1
35,89.66,3127.33,0,0,Month-to-month,Fiber,Yes,1
48,69.03,3449.63,1,1,One year,Fiber,Yes,0
69,86.13,5884.95,0,2,Two year,Fiber,No,0
21,50.86,1293.65,2,1,One year,None,No,0
19,55.51,991.25,1,0,Month-to-month,Fiber,Yes,0
53,58.41,3119.94,5,0,Two year,Fiber,No,0
1,23.68,80.8,0,2,One year,Fiber,Yes,0
41,91.54,3724.13,3,1,Month-to-month,Fiber,No,1
54,99.79,5526.89,2,1,One year,Fiber,No,1
40,52.47,2153.18,1,0,Month-to-month,None,Yes,0
28,78.71,2183.25,1,1,Month-to-month,Fiber,No,1
60,63.36,3938.82,0,0,One year,Fiber,No,0
27,78.21,2010.04,1,0,Month-to-month,DSL,No,0
52,54.31,2767.6,2,0,Month-to-month,Fiber,Yes,1
34,47.91,1685.35,2,1,One year,Fiber,No,1
2,96.3,272.75,2,1,Month-to-month,Fiber,No,1
39,68.4,2699.99,2,1,Month-to-month,DSL,Yes,0
4,120.55,469.49,0,1,Month-to-month,Fiber,Yes,1
68,71.16,4813.58,3,1,One year,Fiber,No,0
44,46.85,2174.45,2,1,Two year,Fiber,Yes,0
27,100.67,2742.22,2,1,Month-to-month,DSL,Yes,1
36,85.77,3000.5,1,0,One year,DSL,No,0
45,88.17,3874.74,1,0,Month-to-month,DSL,Yes,1
19,99.77,2046.88,0,1,Month-to-month,DSL,No,1
21,53.68,1055.41,0,0,Month-to-month,Fiber,Yes,1
31,66.82,2098.65,0,1,Month-to-month,Fiber,Yes,1
19,65.71,1383.65,0,0,Month-to-month,Fiber,No,0
55,37.73,2129.43,1,0,One year,Fiber,No,0
8,63.41,431.52,1,0,One year,Fiber,Yes,0
60,103.41,6103.0,1,0,Two year,DSL,No,0
26,75.93,2161.26,3,1,Two year,Fiber,No,1
41,36.35,1386.17,2,0,Month-to-month,Fiber,No,0
12,31.1,317.92,2,1,Month-to-month,Fiber,Yes,1
28,111.62,3162.59,2,0,Month-to-month,None,Yes,1
55,67.74,3703.92,1,0,Month-to-month,Fiber,No,0
20,53.81,1133.68,0,0,Two year,Fiber,No,1
10,63.15,484.72,0,0,Month-to-month,Fiber,Yes,1
38,33.07,1235.52,4,0,Month-to-month,Fiber,Yes,0
12,105.58,1334.7,1,3,Month-to-month,Fiber,Yes,1
23,60.17,1452.1,0,1,Two year,DSL,Yes,0
33,104.19,3380.86,2,0,Month-to-month,Fiber,Yes,1
41,71.29,2820.77,2,2,One year,Fiber,Yes,1
47,105.74,4991.07,3,1,Month-to-month,Fiber,Yes,1
49,76.42,3613.2,0,1,Month-to-month,DSL,Yes,1
61,91.33,5699.61,4,0,Month-to-month,Fiber,Yes,0
5,87.98,455.63,0,2,One year,Fiber,No,0
27,85.58,2241.04,1,5,One year,DSL,Yes,1
1,78.7,0.0,2,0,Month-to-month,Fiber,Yes,1
1,64.18,0.87,1,1,Month-to-month,Fiber,Yes,1
16,117.89,1729.98,1,0,Month-to-month,DSL,Yes,1
44,47.33,2131.85,1,0,Month-to-month,DSL,Yes,0
65,70.11,4476.72,0,0,Month-to-month,Fiber,No,0
56,70.37,3980.81,0,2,Month-to-month,Fiber,Yes,1
47,80.06,3816.62,2,1,One year,Fiber,Yes,0
57,59.26,3474.6,1,1,Two year,None,No,0
13,77.87,1037.48,1,0,One year,None,No,1
61,65.78,4125.04,1,1,One year,Fiber,Yes,0
65,30.45,2117.94,1,0,Two year,DSL,Yes,1
7,70.24,517.49,1,0,Two year,Fiber,Yes,0
34,42.49,1476.37,1,0,Month-to-month,Fiber,Yes,0
60,26.64,1542.67,2,1,Month-to-month,Fiber,Yes,1
35,73.42,2471.0,0,0,Month-to-month,None,No,1
61,82.2,5142.23,3,2,Two year,DSL,Yes,0
68,83.17,5715.96,1,1,Month-to-month,None,Yes,0
35,84.18,3014.96,0,0,Month-to-month,Fiber,No,1
5,21.69,49.36,2,1,Month-to-month,DSL,Yes,1
25,35.97,1061.76,3,0,One year,Fiber,Yes,0
16,119.34,1886.55,3,4,One year,Fiber,No,1
35,43.82,1453.51,4,1,One year,Fiber,Yes,0
43,85.27,3609.29,2,1,One year,Fiber,Yes,1
34,52.83,1953.22,0,0,Two year,DSL,Yes,0
15,71.99,968.77,2,0,Month-to-month,DSL,Yes,1
22,54.17,1116.6,3,1,Two year,DSL,Yes,0
49,84.04,4407.74,1,2,One year,DSL,Yes,1
2,73.42,240.94,2,0,Month-to-month,DSL,Yes,1
16,58.79,867.38,1,0,Two year,Fiber,Yes,0
65,43.75,2735.33,2,2,Two year,DSL,Yes,0
8,76.69,446.29,1,1,Two year,Fiber,No,0
30,39.68,1200.17,2,0,Two year,DSL,No,0
15,80.69,1283.11,0,0,Month-to-month,DSL,Yes,1
8,130.0,1191.88,2,0,Month-to-month,None,Yes,0
31,103.75,3026.98,2,0,Month-to-month,None,No,0
38,87.96,3209.89,2,1,Two year,Fiber,Yes,0
13,67.86,870.22,2,3,Two year,DSL,Yes,0
6,21.53,407.95,1,1,Two year,Fiber,No,1
10,36.94,458.02,2,1,Two year,DSL,Yes,0
47,102.07,4834.56,2,1,One year,Fiber,Yes,0
62,50.26,2993.39,0,1,Month-to-month,Fiber,Yes,0
13,52.52,470.74,1,0,Month-to-month,Fiber,Yes,1
24,65.86,1584.49,2,1,Month-to-month,None,Yes,1
25,43.45,1076.28,4,2,One year,Fiber,Yes,1
26,39.33,995.82,1,3,Month-to-month,DSL,No,1
18,68.74,1199.24,1,1,Two year,DSL,Yes,0
4,47.71,116.01,1,0,One year,Fiber,No,0
38,51.47,1858.27,0,0,Month-to-month,Fiber,Yes,1
26,50.47,1451.18,1,0,Two year,DSL,Yes,0
25,83.06,1987.82,0,1,One year,DSL,Yes,0
20,64.2,1256.32,2,1,One year,None,Yes,0
67,65.54,4386.98,2,1,Month-to-month,DSL,Yes,1
44,84.92,3807.27,2,2,Month-to-month,None,Yes,0
31,66.45,1974.74,0,0,Month-to-month,Fiber,Yes,0
15,63.04,1043.46,2,0,Month-to-month,DSL,Yes,0
58,81.76,4684.19,0,1,One year,Fiber,Yes,1
64,86.7,5532.93,1,0,Two year,Fiber,Yes,0
3,66.32,363.28,6,0,Two year,Fiber,Yes,0
67,72.02,4728.1,1,0,Month-to-month,DSL,Yes,0
